ncep_index,gdd_crop,spring_freeze,fall_freeze,emergence,maxcover
232,gdd_almonds,18-May,09-Oct,06-Apr,26-May
232,gdd_apples,18-May,09-Oct,14-Jul,28-Jul
232,gdd_cherries,18-May,09-Oct,01-Jul,19-Jul
232,gdd_peaches,18-May,09-Oct,29-Jun,23-Jul
232,gdd_pears,18-May,09-Oct,05-Jul,20-Jul
232,gdd_pecans,18-May,09-Oct,12-Jul,
232,gdd_plums,18-May,09-Oct,30-Jun,18-Jul
233,gdd_almonds,29-May,23-Sep,29-Apr,06-Jun
233,gdd_apples,29-May,23-Sep,16-Jul,29-Jul
233,gdd_cherries,29-May,23-Sep,05-Jul,21-Jul
233,gdd_peaches,29-May,23-Sep,03-Jul,24-Jul
233,gdd_pears,29-May,23-Sep,08-Jul,22-Jul
233,gdd_pecans,29-May,23-Sep,08-Jul,
233,gdd_plums,29-May,23-Sep,04-Jul,20-Jul
234,gdd_almonds,04-Jun,15-Sep,07-May,09-Jun
234,gdd_apples,04-Jun,15-Sep,18-Jul,30-Jul
234,gdd_cherries,04-Jun,15-Sep,07-Jul,22-Jul
234,gdd_peaches,04-Jun,15-Sep,05-Jul,25-Jul
234,gdd_pears,04-Jun,15-Sep,10-Jul,23-Jul
234,gdd_pecans,04-Jun,15-Sep,08-Jul,
234,gdd_plums,04-Jun,15-Sep,05-Jul,21-Jul
235,gdd_almonds,05-Jun,09-Sep,12-May,15-Jun
235,gdd_apples,05-Jun,09-Sep,21-Jul,02-Aug
235,gdd_cherries,05-Jun,09-Sep,10-Jul,25-Jul
235,gdd_peaches,05-Jun,09-Sep,08-Jul,28-Jul
235,gdd_pears,05-Jun,09-Sep,13-Jul,26-Jul
235,gdd_pecans,05-Jun,09-Sep,09-Jul,
235,gdd_plums,05-Jun,09-Sep,09-Jul,24-Jul
236,gdd_almonds,07-Jun,28-Aug,16-May,19-Jun
236,gdd_apples,07-Jun,28-Aug,23-Jul,05-Aug
236,gdd_cherries,07-Jun,28-Aug,12-Jul,27-Jul
236,gdd_peaches,07-Jun,28-Aug,11-Jul,31-Jul
236,gdd_pears,07-Jun,28-Aug,16-Jul,28-Jul
236,gdd_pecans,07-Jun,28-Aug,,
236,gdd_plums,07-Jun,28-Aug,11-Jul,27-Jul
237,gdd_almonds,10-Jun,01-Sep,18-May,18-Jun
237,gdd_apples,10-Jun,01-Sep,21-Jul,03-Aug
237,gdd_cherries,10-Jun,01-Sep,11-Jul,25-Jul
237,gdd_peaches,10-Jun,01-Sep,09-Jul,29-Jul
237,gdd_pears,10-Jun,01-Sep,14-Jul,26-Jul
237,gdd_pecans,10-Jun,01-Sep,,
237,gdd_plums,10-Jun,01-Sep,09-Jul,25-Jul
238,gdd_almonds,28-May,18-Sep,10-May,07-Jun
238,gdd_apples,28-May,18-Sep,12-Jul,25-Jul
238,gdd_cherries,28-May,18-Sep,02-Jul,17-Jul
238,gdd_peaches,28-May,18-Sep,30-Jun,20-Jul
238,gdd_pears,28-May,18-Sep,05-Jul,18-Jul
238,gdd_pecans,28-May,18-Sep,01-Jul,
238,gdd_plums,28-May,18-Sep,01-Jul,16-Jul
239,gdd_almonds,19-May,21-Sep,30-Apr,27-May
239,gdd_apples,19-May,21-Sep,30-Jun,12-Jul
239,gdd_cherries,19-May,21-Sep,20-Jun,05-Jul
239,gdd_peaches,19-May,21-Sep,17-Jun,08-Jul
239,gdd_pears,19-May,21-Sep,23-Jun,06-Jul
239,gdd_pecans,19-May,21-Sep,17-Jun,
239,gdd_plums,19-May,21-Sep,18-Jun,04-Jul
240,gdd_almonds,11-May,22-Sep,18-Apr,19-May
240,gdd_apples,11-May,22-Sep,21-Jun,03-Jul
240,gdd_cherries,11-May,22-Sep,10-Jun,25-Jun
240,gdd_peaches,11-May,22-Sep,08-Jun,28-Jun
240,gdd_pears,11-May,22-Sep,13-Jun,26-Jun
240,gdd_pecans,11-May,22-Sep,06-Jun,
240,gdd_plums,11-May,22-Sep,08-Jun,24-Jun
241,gdd_almonds,12-May,19-Sep,16-Apr,17-May
241,gdd_apples,12-May,19-Sep,18-Jun,30-Jun
241,gdd_cherries,12-May,19-Sep,07-Jun,22-Jun
241,gdd_peaches,12-May,19-Sep,05-Jun,25-Jun
241,gdd_pears,12-May,19-Sep,10-Jun,23-Jun
241,gdd_pecans,12-May,19-Sep,02-Jun,24-Jul
241,gdd_plums,12-May,19-Sep,06-Jun,21-Jun
242,gdd_almonds,14-May,19-Sep,21-Apr,20-May
242,gdd_apples,14-May,19-Sep,20-Jun,02-Jul
242,gdd_cherries,14-May,19-Sep,10-Jun,24-Jun
242,gdd_peaches,14-May,19-Sep,08-Jun,28-Jun
242,gdd_pears,14-May,19-Sep,13-Jun,26-Jun
242,gdd_pecans,14-May,19-Sep,05-Jun,
242,gdd_plums,14-May,19-Sep,09-Jun,24-Jun
243,gdd_almonds,16-May,19-Sep,25-Apr,22-May
243,gdd_apples,16-May,19-Sep,22-Jun,04-Jul
243,gdd_cherries,16-May,19-Sep,12-Jun,26-Jun
243,gdd_peaches,16-May,19-Sep,10-Jun,30-Jun
243,gdd_pears,16-May,19-Sep,15-Jun,27-Jun
243,gdd_pecans,16-May,19-Sep,07-Jun,
243,gdd_plums,16-May,19-Sep,11-Jun,26-Jun
244,gdd_almonds,16-May,21-Sep,24-Apr,21-May
244,gdd_apples,16-May,21-Sep,21-Jun,03-Jul
244,gdd_cherries,16-May,21-Sep,10-Jun,25-Jun
244,gdd_peaches,16-May,21-Sep,08-Jun,28-Jun
244,gdd_pears,16-May,21-Sep,13-Jun,26-Jun
244,gdd_pecans,16-May,21-Sep,05-Jun,
244,gdd_plums,16-May,21-Sep,09-Jun,24-Jun
245,gdd_almonds,15-May,23-Sep,23-Apr,19-May
245,gdd_apples,15-May,23-Sep,18-Jun,30-Jun
245,gdd_cherries,15-May,23-Sep,07-Jun,22-Jun
245,gdd_peaches,15-May,23-Sep,05-Jun,25-Jun
245,gdd_pears,15-May,23-Sep,11-Jun,23-Jun
245,gdd_pecans,15-May,23-Sep,02-Jun,26-Jul
245,gdd_plums,15-May,23-Sep,06-Jun,21-Jun
246,gdd_almonds,15-May,30-Sep,23-Apr,19-May
246,gdd_apples,15-May,30-Sep,17-Jun,30-Jun
246,gdd_cherries,15-May,30-Sep,07-Jun,22-Jun
246,gdd_peaches,15-May,30-Sep,05-Jun,25-Jun
246,gdd_pears,15-May,30-Sep,11-Jun,23-Jun
246,gdd_pecans,15-May,30-Sep,01-Jun,26-Jul
246,gdd_plums,15-May,30-Sep,06-Jun,21-Jun
247,gdd_almonds,12-May,23-Sep,27-Apr,22-May
247,gdd_apples,12-May,23-Sep,21-Jun,04-Jul
247,gdd_cherries,12-May,23-Sep,11-Jun,25-Jun
247,gdd_peaches,12-May,23-Sep,09-Jun,29-Jun
247,gdd_pears,12-May,23-Sep,14-Jun,26-Jun
247,gdd_pecans,12-May,23-Sep,05-Jun,
247,gdd_plums,12-May,23-Sep,10-Jun,25-Jun
248,gdd_almonds,18-May,22-Sep,01-May,26-May
248,gdd_apples,18-May,22-Sep,25-Jun,08-Jul
248,gdd_cherries,18-May,22-Sep,15-Jun,29-Jun
248,gdd_peaches,18-May,22-Sep,13-Jun,03-Jul
248,gdd_pears,18-May,22-Sep,18-Jun,01-Jul
248,gdd_pecans,18-May,22-Sep,09-Jun,
248,gdd_plums,18-May,22-Sep,14-Jun,29-Jun
249,gdd_almonds,20-May,23-Sep,05-May,29-May
249,gdd_apples,20-May,23-Sep,28-Jun,11-Jul
249,gdd_cherries,20-May,23-Sep,18-Jun,02-Jul
249,gdd_peaches,20-May,23-Sep,16-Jun,06-Jul
249,gdd_pears,20-May,23-Sep,21-Jun,04-Jul
249,gdd_pecans,20-May,23-Sep,12-Jun,
249,gdd_plums,20-May,23-Sep,16-Jun,02-Jul
250,gdd_almonds,21-May,23-Sep,06-May,30-May
250,gdd_apples,21-May,23-Sep,29-Jun,12-Jul
250,gdd_cherries,21-May,23-Sep,19-Jun,03-Jul
250,gdd_peaches,21-May,23-Sep,17-Jun,07-Jul
250,gdd_pears,21-May,23-Sep,22-Jun,04-Jul
250,gdd_pecans,21-May,23-Sep,12-Jun,
250,gdd_plums,21-May,23-Sep,17-Jun,03-Jul
251,gdd_almonds,17-May,13-Oct,08-Jun,20-Jul
251,gdd_apples,17-May,13-Oct,,
251,gdd_cherries,17-May,13-Oct,20-Aug,
251,gdd_peaches,17-May,13-Oct,18-Aug,
251,gdd_pears,17-May,13-Oct,24-Aug,
251,gdd_pecans,17-May,13-Oct,,
251,gdd_plums,17-May,13-Oct,19-Aug,
252,gdd_almonds,28-May,28-Sep,06-May,02-Jun
252,gdd_apples,28-May,28-Sep,02-Jul,16-Jul
252,gdd_cherries,28-May,28-Sep,22-Jun,07-Jul
252,gdd_peaches,28-May,28-Sep,20-Jun,11-Jul
252,gdd_pears,28-May,28-Sep,25-Jun,08-Jul
252,gdd_pecans,28-May,28-Sep,16-Jun,
252,gdd_plums,28-May,28-Sep,21-Jun,06-Jul
270,gdd_almonds,11-Apr,03-Nov,04-Feb,14-Apr
270,gdd_apples,11-Apr,03-Nov,15-Jun,02-Jul
270,gdd_cherries,11-Apr,03-Nov,01-Jun,21-Jun
270,gdd_peaches,11-Apr,03-Nov,29-May,26-Jun
270,gdd_pears,11-Apr,03-Nov,05-Jun,22-Jun
270,gdd_pecans,11-Apr,03-Nov,16-Jun,
270,gdd_plums,11-Apr,03-Nov,30-May,20-Jun
271,gdd_almonds,09-May,04-Oct,30-Mar,13-May
271,gdd_apples,09-May,04-Oct,26-Jun,09-Jul
271,gdd_cherries,09-May,04-Oct,13-Jun,01-Jul
271,gdd_peaches,09-May,04-Oct,10-Jun,04-Jul
271,gdd_pears,09-May,04-Oct,16-Jun,02-Jul
271,gdd_pecans,09-May,04-Oct,09-Jun,
271,gdd_plums,09-May,04-Oct,11-Jun,30-Jun
272,gdd_almonds,11-May,28-Sep,10-Apr,17-May
272,gdd_apples,11-May,28-Sep,28-Jun,11-Jul
272,gdd_cherries,11-May,28-Sep,16-Jun,03-Jul
272,gdd_peaches,11-May,28-Sep,13-Jun,06-Jul
272,gdd_pears,11-May,28-Sep,19-Jun,04-Jul
272,gdd_pecans,11-May,28-Sep,10-Jun,
272,gdd_plums,11-May,28-Sep,14-Jun,03-Jul
273,gdd_almonds,27-May,19-Sep,22-Apr,25-May
273,gdd_apples,27-May,19-Sep,05-Jul,17-Jul
273,gdd_cherries,27-May,19-Sep,23-Jun,09-Jul
273,gdd_peaches,27-May,19-Sep,21-Jun,12-Jul
273,gdd_pears,27-May,19-Sep,27-Jun,10-Jul
273,gdd_pecans,27-May,19-Sep,19-Jun,
273,gdd_plums,27-May,19-Sep,22-Jun,09-Jul
274,gdd_almonds,03-Jun,03-Sep,09-May,10-Jun
274,gdd_apples,03-Jun,03-Sep,14-Jul,26-Jul
274,gdd_cherries,03-Jun,03-Sep,03-Jul,18-Jul
274,gdd_peaches,03-Jun,03-Sep,02-Jul,21-Jul
274,gdd_pears,03-Jun,03-Sep,07-Jul,19-Jul
274,gdd_pecans,03-Jun,03-Sep,28-Jun,
274,gdd_plums,03-Jun,03-Sep,02-Jul,17-Jul
275,gdd_almonds,20-Jun,23-Aug,19-May,19-Jun
275,gdd_apples,20-Jun,23-Aug,21-Jul,02-Aug
275,gdd_cherries,20-Jun,23-Aug,10-Jul,25-Jul
275,gdd_peaches,20-Jun,23-Aug,08-Jul,28-Jul
275,gdd_pears,20-Jun,23-Aug,14-Jul,26-Jul
275,gdd_pecans,20-Jun,23-Aug,06-Jul,
275,gdd_plums,20-Jun,23-Aug,09-Jul,24-Jul
276,gdd_almonds,21-Jun,24-Aug,18-May,17-Jun
276,gdd_apples,21-Jun,24-Aug,20-Jul,01-Aug
276,gdd_cherries,21-Jun,24-Aug,09-Jul,24-Jul
276,gdd_peaches,21-Jun,24-Aug,07-Jul,27-Jul
276,gdd_pears,21-Jun,24-Aug,12-Jul,25-Jul
276,gdd_pecans,21-Jun,24-Aug,08-Jul,
276,gdd_plums,21-Jun,24-Aug,08-Jul,23-Jul
277,gdd_almonds,30-May,11-Sep,12-May,09-Jun
277,gdd_apples,30-May,11-Sep,10-Jul,22-Jul
277,gdd_cherries,30-May,11-Sep,30-Jun,14-Jul
277,gdd_peaches,30-May,11-Sep,29-Jun,17-Jul
277,gdd_pears,30-May,11-Sep,03-Jul,15-Jul
277,gdd_pecans,30-May,11-Sep,26-Jun,
277,gdd_plums,30-May,11-Sep,29-Jun,14-Jul
278,gdd_almonds,19-May,20-Sep,28-Apr,27-May
278,gdd_apples,19-May,20-Sep,28-Jun,10-Jul
278,gdd_cherries,19-May,20-Sep,18-Jun,02-Jul
278,gdd_peaches,19-May,20-Sep,16-Jun,05-Jul
278,gdd_pears,19-May,20-Sep,21-Jun,03-Jul
278,gdd_pecans,19-May,20-Sep,13-Jun,
278,gdd_plums,19-May,20-Sep,17-Jun,01-Jul
279,gdd_almonds,11-May,24-Sep,16-Apr,17-May
279,gdd_apples,11-May,24-Sep,18-Jun,30-Jun
279,gdd_cherries,11-May,24-Sep,08-Jun,23-Jun
279,gdd_peaches,11-May,24-Sep,06-Jun,26-Jun
279,gdd_pears,11-May,24-Sep,11-Jun,24-Jun
279,gdd_pecans,11-May,24-Sep,02-Jun,21-Jul
279,gdd_plums,11-May,24-Sep,07-Jun,22-Jun
280,gdd_almonds,11-May,20-Sep,14-Apr,15-May
280,gdd_apples,11-May,20-Sep,16-Jun,28-Jun
280,gdd_cherries,11-May,20-Sep,06-Jun,20-Jun
280,gdd_peaches,11-May,20-Sep,03-Jun,23-Jun
280,gdd_pears,11-May,20-Sep,09-Jun,21-Jun
280,gdd_pecans,11-May,20-Sep,30-May,17-Jul
280,gdd_plums,11-May,20-Sep,04-Jun,20-Jun
281,gdd_almonds,12-May,21-Sep,16-Apr,17-May
281,gdd_apples,12-May,21-Sep,16-Jun,28-Jun
281,gdd_cherries,12-May,21-Sep,06-Jun,21-Jun
281,gdd_peaches,12-May,21-Sep,04-Jun,24-Jun
281,gdd_pears,12-May,21-Sep,09-Jun,22-Jun
281,gdd_pecans,12-May,21-Sep,29-May,19-Jul
281,gdd_plums,12-May,21-Sep,04-Jun,20-Jun
282,gdd_almonds,14-May,20-Sep,18-Apr,16-May
282,gdd_apples,14-May,20-Sep,15-Jun,27-Jun
282,gdd_cherries,14-May,20-Sep,05-Jun,19-Jun
282,gdd_peaches,14-May,20-Sep,03-Jun,22-Jun
282,gdd_pears,14-May,20-Sep,08-Jun,20-Jun
282,gdd_pecans,14-May,20-Sep,28-May,17-Jul
282,gdd_plums,14-May,20-Sep,04-Jun,19-Jun
283,gdd_almonds,11-May,28-Sep,16-Apr,14-May
283,gdd_apples,11-May,28-Sep,13-Jun,24-Jun
283,gdd_cherries,11-May,28-Sep,03-Jun,17-Jun
283,gdd_peaches,11-May,28-Sep,01-Jun,20-Jun
283,gdd_pears,11-May,28-Sep,06-Jun,18-Jun
283,gdd_pecans,11-May,28-Sep,25-May,15-Jul
283,gdd_plums,11-May,28-Sep,02-Jun,16-Jun
284,gdd_almonds,08-May,01-Oct,15-Apr,14-May
284,gdd_apples,08-May,01-Oct,12-Jun,23-Jun
284,gdd_cherries,08-May,01-Oct,02-Jun,16-Jun
284,gdd_peaches,08-May,01-Oct,31-May,19-Jun
284,gdd_pears,08-May,01-Oct,05-Jun,17-Jun
284,gdd_pecans,08-May,01-Oct,24-May,15-Jul
284,gdd_plums,08-May,01-Oct,01-Jun,16-Jun
285,gdd_almonds,08-May,01-Oct,18-Apr,15-May
285,gdd_apples,08-May,01-Oct,14-Jun,26-Jun
285,gdd_cherries,08-May,01-Oct,04-Jun,18-Jun
285,gdd_peaches,08-May,01-Oct,02-Jun,21-Jun
285,gdd_pears,08-May,01-Oct,07-Jun,19-Jun
285,gdd_pecans,08-May,01-Oct,26-May,21-Jul
285,gdd_plums,08-May,01-Oct,03-Jun,17-Jun
286,gdd_almonds,08-May,29-Sep,21-Apr,18-May
286,gdd_apples,08-May,29-Sep,17-Jun,29-Jun
286,gdd_cherries,08-May,29-Sep,07-Jun,21-Jun
286,gdd_peaches,08-May,29-Sep,05-Jun,25-Jun
286,gdd_pears,08-May,29-Sep,10-Jun,22-Jun
286,gdd_pecans,08-May,29-Sep,31-May,31-Jul
286,gdd_plums,08-May,29-Sep,06-Jun,21-Jun
287,gdd_almonds,16-May,30-Sep,24-Apr,21-May
287,gdd_apples,16-May,30-Sep,20-Jun,02-Jul
287,gdd_cherries,16-May,30-Sep,09-Jun,24-Jun
287,gdd_peaches,16-May,30-Sep,07-Jun,27-Jun
287,gdd_pears,16-May,30-Sep,12-Jun,25-Jun
287,gdd_pecans,16-May,30-Sep,01-Jun,
287,gdd_plums,16-May,30-Sep,08-Jun,23-Jun
288,gdd_almonds,19-May,01-Oct,25-Apr,20-May
288,gdd_apples,19-May,01-Oct,18-Jun,29-Jun
288,gdd_cherries,19-May,01-Oct,08-Jun,22-Jun
288,gdd_peaches,19-May,01-Oct,06-Jun,25-Jun
288,gdd_pears,19-May,01-Oct,11-Jun,23-Jun
288,gdd_pecans,19-May,01-Oct,28-May,22-Jul
288,gdd_plums,19-May,01-Oct,07-Jun,21-Jun
289,gdd_almonds,17-May,06-Oct,26-Apr,22-May
289,gdd_apples,17-May,06-Oct,20-Jun,02-Jul
289,gdd_cherries,17-May,06-Oct,10-Jun,24-Jun
289,gdd_peaches,17-May,06-Oct,09-Jun,27-Jun
289,gdd_pears,17-May,06-Oct,13-Jun,25-Jun
289,gdd_pecans,17-May,06-Oct,01-Jun,27-Jul
289,gdd_plums,17-May,06-Oct,09-Jun,24-Jun
290,gdd_almonds,05-May,02-Nov,25-May,30-Jun
290,gdd_apples,05-May,02-Nov,10-Aug,25-Aug
290,gdd_cherries,05-May,02-Nov,29-Jul,15-Aug
290,gdd_peaches,05-May,02-Nov,27-Jul,19-Aug
290,gdd_pears,05-May,02-Nov,02-Aug,16-Aug
290,gdd_pecans,05-May,02-Nov,,
290,gdd_plums,05-May,02-Nov,28-Jul,14-Aug
291,gdd_almonds,20-May,03-Oct,28-Apr,26-May
291,gdd_apples,20-May,03-Oct,24-Jun,06-Jul
291,gdd_cherries,20-May,03-Oct,14-Jun,28-Jun
291,gdd_peaches,20-May,03-Oct,12-Jun,01-Jul
291,gdd_pears,20-May,03-Oct,17-Jun,29-Jun
291,gdd_pecans,20-May,03-Oct,06-Jun,
291,gdd_plums,20-May,03-Oct,13-Jun,28-Jun
299,gdd_almonds,18-May,25-Sep,08-May,01-Jun
299,gdd_apples,18-May,25-Sep,02-Jul,16-Jul
299,gdd_cherries,18-May,25-Sep,22-Jun,07-Jul
299,gdd_peaches,18-May,25-Sep,20-Jun,10-Jul
299,gdd_pears,18-May,25-Sep,24-Jun,08-Jul
299,gdd_pecans,18-May,25-Sep,17-Jun,
299,gdd_plums,18-May,25-Sep,20-Jun,06-Jul
300,gdd_almonds,14-May,28-Sep,07-May,01-Jun
300,gdd_apples,14-May,28-Sep,01-Jul,14-Jul
300,gdd_cherries,14-May,28-Sep,21-Jun,05-Jul
300,gdd_peaches,14-May,28-Sep,19-Jun,09-Jul
300,gdd_pears,14-May,28-Sep,24-Jun,06-Jul
300,gdd_pecans,14-May,28-Sep,17-Jun,
300,gdd_plums,14-May,28-Sep,20-Jun,05-Jul
308,gdd_almonds,08-May,17-Oct,08-Feb,20-Apr
308,gdd_apples,08-May,17-Oct,19-Jun,05-Jul
308,gdd_cherries,08-May,17-Oct,05-Jun,25-Jun
308,gdd_peaches,08-May,17-Oct,03-Jun,29-Jun
308,gdd_pears,08-May,17-Oct,09-Jun,26-Jun
308,gdd_pecans,08-May,17-Oct,17-Jun,
308,gdd_plums,08-May,17-Oct,04-Jun,24-Jun
309,gdd_almonds,31-May,03-Sep,16-Apr,25-May
309,gdd_apples,31-May,03-Sep,04-Jul,16-Jul
309,gdd_cherries,31-May,03-Sep,22-Jun,08-Jul
309,gdd_peaches,31-May,03-Sep,19-Jun,11-Jul
309,gdd_pears,31-May,03-Sep,25-Jun,09-Jul
309,gdd_pecans,31-May,03-Sep,15-Jun,
309,gdd_plums,31-May,03-Sep,20-Jun,07-Jul
310,gdd_almonds,20-Jun,24-Aug,22-Apr,26-May
310,gdd_apples,20-Jun,24-Aug,04-Jul,16-Jul
310,gdd_cherries,20-Jun,24-Aug,23-Jun,08-Jul
310,gdd_peaches,20-Jun,24-Aug,21-Jun,12-Jul
310,gdd_pears,20-Jun,24-Aug,26-Jun,09-Jul
310,gdd_pecans,20-Jun,24-Aug,13-Jun,
310,gdd_plums,20-Jun,24-Aug,21-Jun,08-Jul
311,gdd_almonds,21-Jun,24-Aug,26-Apr,28-May
311,gdd_apples,21-Jun,24-Aug,05-Jul,17-Jul
311,gdd_cherries,21-Jun,24-Aug,24-Jun,09-Jul
311,gdd_peaches,21-Jun,24-Aug,22-Jun,12-Jul
311,gdd_pears,21-Jun,24-Aug,27-Jun,10-Jul
311,gdd_pecans,21-Jun,24-Aug,17-Jun,
311,gdd_plums,21-Jun,24-Aug,23-Jun,08-Jul
312,gdd_almonds,04-Jul,24-Aug,07-May,09-Jun
312,gdd_apples,04-Jul,24-Aug,12-Jul,23-Jul
312,gdd_cherries,04-Jul,24-Aug,02-Jul,16-Jul
312,gdd_peaches,04-Jul,24-Aug,30-Jun,19-Jul
312,gdd_pears,04-Jul,24-Aug,05-Jul,17-Jul
312,gdd_pecans,04-Jul,24-Aug,25-Jun,
312,gdd_plums,04-Jul,24-Aug,01-Jul,15-Jul
313,gdd_almonds,11-Jul,17-Aug,20-May,19-Jun
313,gdd_apples,11-Jul,17-Aug,20-Jul,01-Aug
313,gdd_cherries,11-Jul,17-Aug,10-Jul,24-Jul
313,gdd_peaches,11-Jul,17-Aug,08-Jul,27-Jul
313,gdd_pears,11-Jul,17-Aug,13-Jul,25-Jul
313,gdd_pecans,11-Jul,17-Aug,04-Jul,
313,gdd_plums,11-Jul,17-Aug,08-Jul,23-Jul
314,gdd_almonds,16-Jul,07-Aug,25-May,23-Jun
314,gdd_apples,16-Jul,07-Aug,25-Jul,
314,gdd_cherries,16-Jul,07-Aug,14-Jul,29-Jul
314,gdd_peaches,16-Jul,07-Aug,12-Jul,02-Aug
314,gdd_pears,16-Jul,07-Aug,17-Jul,30-Jul
314,gdd_pecans,16-Jul,07-Aug,11-Jul,
314,gdd_plums,16-Jul,07-Aug,13-Jul,29-Jul
315,gdd_almonds,06-Jul,13-Aug,28-May,23-Jun
315,gdd_apples,06-Jul,13-Aug,21-Jul,03-Aug
315,gdd_cherries,06-Jul,13-Aug,11-Jul,25-Jul
315,gdd_peaches,06-Jul,13-Aug,09-Jul,29-Jul
315,gdd_pears,06-Jul,13-Aug,14-Jul,26-Jul
315,gdd_pecans,06-Jul,13-Aug,07-Jul,
315,gdd_plums,06-Jul,13-Aug,10-Jul,24-Jul
316,gdd_almonds,10-Jun,02-Sep,14-May,10-Jun
316,gdd_apples,10-Jun,02-Sep,09-Jul,21-Jul
316,gdd_cherries,10-Jun,02-Sep,30-Jun,13-Jul
316,gdd_peaches,10-Jun,02-Sep,28-Jun,16-Jul
316,gdd_pears,10-Jun,02-Sep,03-Jul,14-Jul
316,gdd_pecans,10-Jun,02-Sep,24-Jun,
316,gdd_plums,10-Jun,02-Sep,29-Jun,13-Jul
317,gdd_almonds,21-May,17-Sep,26-Apr,26-May
317,gdd_apples,21-May,17-Sep,27-Jun,08-Jul
317,gdd_cherries,21-May,17-Sep,16-Jun,30-Jun
317,gdd_peaches,21-May,17-Sep,15-Jun,03-Jul
317,gdd_pears,21-May,17-Sep,20-Jun,02-Jul
317,gdd_pecans,21-May,17-Sep,10-Jun,
317,gdd_plums,21-May,17-Sep,15-Jun,30-Jun
318,gdd_almonds,15-May,20-Sep,14-Apr,17-May
318,gdd_apples,15-May,20-Sep,17-Jun,29-Jun
318,gdd_cherries,15-May,20-Sep,06-Jun,21-Jun
318,gdd_peaches,15-May,20-Sep,04-Jun,24-Jun
318,gdd_pears,15-May,20-Sep,10-Jun,22-Jun
318,gdd_pecans,15-May,20-Sep,31-May,17-Jul
318,gdd_plums,15-May,20-Sep,05-Jun,20-Jun
319,gdd_almonds,12-May,22-Sep,11-Apr,12-May
319,gdd_apples,12-May,22-Sep,12-Jun,24-Jun
319,gdd_cherries,12-May,22-Sep,01-Jun,16-Jun
319,gdd_peaches,12-May,22-Sep,31-May,19-Jun
319,gdd_pears,12-May,22-Sep,04-Jun,17-Jun
319,gdd_pecans,12-May,22-Sep,24-May,12-Jul
319,gdd_plums,12-May,22-Sep,31-May,16-Jun
320,gdd_almonds,12-May,22-Sep,10-Apr,11-May
320,gdd_apples,12-May,22-Sep,10-Jun,22-Jun
320,gdd_cherries,12-May,22-Sep,31-May,14-Jun
320,gdd_peaches,12-May,22-Sep,29-May,17-Jun
320,gdd_pears,12-May,22-Sep,02-Jun,15-Jun
320,gdd_pecans,12-May,22-Sep,20-May,09-Jul
320,gdd_plums,12-May,22-Sep,30-May,13-Jun
321,gdd_almonds,12-May,02-Oct,11-Apr,11-May
321,gdd_apples,12-May,02-Oct,09-Jun,21-Jun
321,gdd_cherries,12-May,02-Oct,30-May,13-Jun
321,gdd_peaches,12-May,02-Oct,29-May,16-Jun
321,gdd_pears,12-May,02-Oct,02-Jun,14-Jun
321,gdd_pecans,12-May,02-Oct,21-May,09-Jul
321,gdd_plums,12-May,02-Oct,29-May,13-Jun
322,gdd_almonds,08-May,03-Oct,10-Apr,10-May
322,gdd_apples,08-May,03-Oct,09-Jun,21-Jun
322,gdd_cherries,08-May,03-Oct,30-May,13-Jun
322,gdd_peaches,08-May,03-Oct,28-May,16-Jun
322,gdd_pears,08-May,03-Oct,02-Jun,14-Jun
322,gdd_pecans,08-May,03-Oct,21-May,09-Jul
322,gdd_plums,08-May,03-Oct,29-May,12-Jun
323,gdd_almonds,05-May,30-Sep,10-Apr,10-May
323,gdd_apples,05-May,30-Sep,09-Jun,21-Jun
323,gdd_cherries,05-May,30-Sep,30-May,13-Jun
323,gdd_peaches,05-May,30-Sep,28-May,16-Jun
323,gdd_pears,05-May,30-Sep,02-Jun,14-Jun
323,gdd_pecans,05-May,30-Sep,22-May,13-Jul
323,gdd_plums,05-May,30-Sep,29-May,13-Jun
324,gdd_almonds,03-May,30-Sep,08-Apr,10-May
324,gdd_apples,03-May,30-Sep,10-Jun,22-Jun
324,gdd_cherries,03-May,30-Sep,31-May,14-Jun
324,gdd_peaches,03-May,30-Sep,29-May,17-Jun
324,gdd_pears,03-May,30-Sep,03-Jun,15-Jun
324,gdd_pecans,03-May,30-Sep,24-May,18-Jul
324,gdd_plums,03-May,30-Sep,30-May,13-Jun
325,gdd_almonds,11-May,03-Oct,10-Apr,11-May
325,gdd_apples,11-May,03-Oct,11-Jun,23-Jun
325,gdd_cherries,11-May,03-Oct,01-Jun,15-Jun
325,gdd_peaches,11-May,03-Oct,30-May,18-Jun
325,gdd_pears,11-May,03-Oct,04-Jun,16-Jun
325,gdd_pecans,11-May,03-Oct,22-May,19-Jul
325,gdd_plums,11-May,03-Oct,31-May,14-Jun
326,gdd_almonds,11-May,05-Oct,11-Apr,12-May
326,gdd_apples,11-May,05-Oct,11-Jun,23-Jun
326,gdd_cherries,11-May,05-Oct,02-Jun,15-Jun
326,gdd_peaches,11-May,05-Oct,31-May,18-Jun
326,gdd_pears,11-May,05-Oct,05-Jun,16-Jun
326,gdd_pecans,11-May,05-Oct,22-May,16-Jul
326,gdd_plums,11-May,05-Oct,31-May,15-Jun
327,gdd_almonds,08-May,11-Oct,11-Apr,13-May
327,gdd_apples,08-May,11-Oct,11-Jun,22-Jun
327,gdd_cherries,08-May,11-Oct,01-Jun,15-Jun
327,gdd_peaches,08-May,11-Oct,31-May,18-Jun
327,gdd_pears,08-May,11-Oct,04-Jun,16-Jun
327,gdd_pecans,08-May,11-Oct,21-May,12-Jul
327,gdd_plums,08-May,11-Oct,31-May,14-Jun
328,gdd_almonds,23-Apr,06-Nov,10-May,16-Jun
328,gdd_apples,23-Apr,06-Nov,22-Jul,04-Aug
328,gdd_cherries,23-Apr,06-Nov,12-Jul,26-Jul
328,gdd_peaches,23-Apr,06-Nov,10-Jul,30-Jul
328,gdd_pears,23-Apr,06-Nov,15-Jul,28-Jul
328,gdd_pecans,23-Apr,06-Nov,19-Jul,
328,gdd_plums,23-Apr,06-Nov,11-Jul,26-Jul
329,gdd_almonds,11-May,06-Oct,12-Apr,14-May
329,gdd_apples,11-May,06-Oct,13-Jun,24-Jun
329,gdd_cherries,11-May,06-Oct,03-Jun,17-Jun
329,gdd_peaches,11-May,06-Oct,02-Jun,20-Jun
329,gdd_pears,11-May,06-Oct,06-Jun,18-Jun
329,gdd_pecans,11-May,06-Oct,25-May,16-Jul
329,gdd_plums,11-May,06-Oct,02-Jun,16-Jun
330,gdd_almonds,14-May,06-Oct,10-Apr,12-May
330,gdd_apples,14-May,06-Oct,10-Jun,22-Jun
330,gdd_cherries,14-May,06-Oct,01-Jun,14-Jun
330,gdd_peaches,14-May,06-Oct,31-May,17-Jun
330,gdd_pears,14-May,06-Oct,04-Jun,15-Jun
330,gdd_pecans,14-May,06-Oct,22-May,12-Jul
330,gdd_plums,14-May,06-Oct,31-May,14-Jun
333,gdd_almonds,10-May,03-Oct,17-Apr,18-May
333,gdd_apples,10-May,03-Oct,18-Jun,30-Jun
333,gdd_cherries,10-May,03-Oct,07-Jun,22-Jun
333,gdd_peaches,10-May,03-Oct,05-Jun,25-Jun
333,gdd_pears,10-May,03-Oct,10-Jun,23-Jun
333,gdd_pecans,10-May,03-Oct,30-May,04-Aug
333,gdd_plums,10-May,03-Oct,06-Jun,22-Jun
334,gdd_almonds,11-May,01-Oct,20-Apr,21-May
334,gdd_apples,11-May,01-Oct,21-Jun,04-Jul
334,gdd_cherries,11-May,01-Oct,10-Jun,25-Jun
334,gdd_peaches,11-May,01-Oct,08-Jun,29-Jun
334,gdd_pears,11-May,01-Oct,13-Jun,26-Jun
334,gdd_pecans,11-May,01-Oct,05-Jun,
334,gdd_plums,11-May,01-Oct,09-Jun,25-Jun
335,gdd_almonds,13-May,29-Sep,23-Apr,24-May
335,gdd_apples,13-May,29-Sep,24-Jun,07-Jul
335,gdd_cherries,13-May,29-Sep,13-Jun,28-Jun
335,gdd_peaches,13-May,29-Sep,11-Jun,01-Jul
335,gdd_pears,13-May,29-Sep,16-Jun,29-Jun
335,gdd_pecans,13-May,29-Sep,08-Jun,
335,gdd_plums,13-May,29-Sep,12-Jun,27-Jun
336,gdd_almonds,08-May,03-Oct,28-Apr,26-May
336,gdd_apples,08-May,03-Oct,26-Jun,08-Jul
336,gdd_cherries,08-May,03-Oct,15-Jun,30-Jun
336,gdd_peaches,08-May,03-Oct,13-Jun,03-Jul
336,gdd_pears,08-May,03-Oct,18-Jun,01-Jul
336,gdd_pecans,08-May,03-Oct,10-Jun,
336,gdd_plums,08-May,03-Oct,14-Jun,29-Jun
337,gdd_almonds,07-May,03-Oct,28-Apr,27-May
337,gdd_apples,07-May,03-Oct,26-Jun,08-Jul
337,gdd_cherries,07-May,03-Oct,16-Jun,30-Jun
337,gdd_peaches,07-May,03-Oct,14-Jun,03-Jul
337,gdd_pears,07-May,03-Oct,19-Jun,01-Jul
337,gdd_pecans,07-May,03-Oct,14-Jun,
337,gdd_plums,07-May,03-Oct,15-Jun,29-Jun
338,gdd_almonds,07-May,07-Oct,26-Apr,25-May
338,gdd_apples,07-May,07-Oct,25-Jun,06-Jul
338,gdd_cherries,07-May,07-Oct,15-Jun,29-Jun
338,gdd_peaches,07-May,07-Oct,13-Jun,02-Jul
338,gdd_pears,07-May,07-Oct,18-Jun,29-Jun
338,gdd_pecans,07-May,07-Oct,13-Jun,01-Aug
338,gdd_plums,07-May,07-Oct,14-Jun,28-Jun
346,gdd_almonds,27-Apr,17-Oct,13-Feb,22-Apr
346,gdd_apples,27-Apr,17-Oct,19-Jun,03-Jul
346,gdd_cherries,27-Apr,17-Oct,05-Jun,24-Jun
346,gdd_peaches,27-Apr,17-Oct,03-Jun,28-Jun
346,gdd_pears,27-Apr,17-Oct,09-Jun,25-Jun
346,gdd_pecans,27-Apr,17-Oct,14-Jun,
346,gdd_plums,27-Apr,17-Oct,04-Jun,23-Jun
347,gdd_almonds,11-Jun,06-Sep,23-Apr,29-May
347,gdd_apples,11-Jun,06-Sep,04-Jul,15-Jul
347,gdd_cherries,11-Jun,06-Sep,23-Jun,08-Jul
347,gdd_peaches,11-Jun,06-Sep,21-Jun,11-Jul
347,gdd_pears,11-Jun,06-Sep,26-Jun,09-Jul
347,gdd_pecans,11-Jun,06-Sep,15-Jun,
347,gdd_plums,11-Jun,06-Sep,21-Jun,07-Jul
348,gdd_almonds,22-Jun,27-Aug,30-Apr,01-Jun
348,gdd_apples,22-Jun,27-Aug,06-Jul,17-Jul
348,gdd_cherries,22-Jun,27-Aug,25-Jun,10-Jul
348,gdd_peaches,22-Jun,27-Aug,23-Jun,13-Jul
348,gdd_pears,22-Jun,27-Aug,28-Jun,11-Jul
348,gdd_pecans,22-Jun,27-Aug,16-Jun,
348,gdd_plums,22-Jun,27-Aug,24-Jun,09-Jul
349,gdd_almonds,20-Jun,30-Aug,25-Apr,28-May
349,gdd_apples,20-Jun,30-Aug,03-Jul,14-Jul
349,gdd_cherries,20-Jun,30-Aug,22-Jun,06-Jul
349,gdd_peaches,20-Jun,30-Aug,20-Jun,10-Jul
349,gdd_pears,20-Jun,30-Aug,25-Jun,07-Jul
349,gdd_pecans,20-Jun,30-Aug,15-Jun,
349,gdd_plums,20-Jun,30-Aug,21-Jun,06-Jul
350,gdd_almonds,14-Jun,29-Aug,24-Apr,27-May
350,gdd_apples,14-Jun,29-Aug,01-Jul,13-Jul
350,gdd_cherries,14-Jun,29-Aug,21-Jun,05-Jul
350,gdd_peaches,14-Jun,29-Aug,19-Jun,08-Jul
350,gdd_pears,14-Jun,29-Aug,24-Jun,06-Jul
350,gdd_pecans,14-Jun,29-Aug,13-Jun,
350,gdd_plums,14-Jun,29-Aug,20-Jun,05-Jul
351,gdd_almonds,17-Jun,29-Aug,03-May,04-Jun
351,gdd_apples,17-Jun,29-Aug,05-Jul,16-Jul
351,gdd_cherries,17-Jun,29-Aug,25-Jun,09-Jul
351,gdd_peaches,17-Jun,29-Aug,23-Jun,12-Jul
351,gdd_pears,17-Jun,29-Aug,28-Jun,10-Jul
351,gdd_pecans,17-Jun,29-Aug,17-Jun,
351,gdd_plums,17-Jun,29-Aug,24-Jun,08-Jul
352,gdd_almonds,23-Jun,23-Aug,16-May,13-Jun
352,gdd_apples,23-Jun,23-Aug,12-Jul,23-Jul
352,gdd_cherries,23-Jun,23-Aug,02-Jul,16-Jul
352,gdd_peaches,23-Jun,23-Aug,30-Jun,19-Jul
352,gdd_pears,23-Jun,23-Aug,05-Jul,17-Jul
352,gdd_pecans,23-Jun,23-Aug,26-Jun,
352,gdd_plums,23-Jun,23-Aug,01-Jul,15-Jul
353,gdd_almonds,28-Jun,15-Aug,23-May,18-Jun
353,gdd_apples,28-Jun,15-Aug,16-Jul,28-Jul
353,gdd_cherries,28-Jun,15-Aug,07-Jul,20-Jul
353,gdd_peaches,28-Jun,15-Aug,05-Jul,23-Jul
353,gdd_pears,28-Jun,15-Aug,09-Jul,21-Jul
353,gdd_pecans,28-Jun,15-Aug,01-Jul,
353,gdd_plums,28-Jun,15-Aug,06-Jul,20-Jul
354,gdd_almonds,17-Jun,25-Aug,19-May,15-Jun
354,gdd_apples,17-Jun,25-Aug,13-Jul,25-Jul
354,gdd_cherries,17-Jun,25-Aug,04-Jul,17-Jul
354,gdd_peaches,17-Jun,25-Aug,02-Jul,20-Jul
354,gdd_pears,17-Jun,25-Aug,06-Jul,18-Jul
354,gdd_pecans,17-Jun,25-Aug,29-Jun,
354,gdd_plums,17-Jun,25-Aug,03-Jul,16-Jul
355,gdd_almonds,04-Jun,13-Sep,12-May,05-Jun
355,gdd_apples,04-Jun,13-Sep,05-Jul,15-Jul
355,gdd_cherries,04-Jun,13-Sep,25-Jun,08-Jul
355,gdd_peaches,04-Jun,13-Sep,24-Jun,11-Jul
355,gdd_pears,04-Jun,13-Sep,28-Jun,09-Jul
355,gdd_pecans,04-Jun,13-Sep,20-Jun,
355,gdd_plums,04-Jun,13-Sep,24-Jun,08-Jul
356,gdd_almonds,15-May,21-Sep,20-Apr,21-May
356,gdd_apples,15-May,21-Sep,22-Jun,03-Jul
356,gdd_cherries,15-May,21-Sep,12-Jun,26-Jun
356,gdd_peaches,15-May,21-Sep,10-Jun,29-Jun
356,gdd_pears,15-May,21-Sep,15-Jun,27-Jun
356,gdd_pecans,15-May,21-Sep,07-Jun,21-Jul
356,gdd_plums,15-May,21-Sep,11-Jun,25-Jun
357,gdd_almonds,12-May,30-Sep,04-Apr,08-May
357,gdd_apples,12-May,30-Sep,09-Jun,21-Jun
357,gdd_cherries,12-May,30-Sep,29-May,13-Jun
357,gdd_peaches,12-May,30-Sep,27-May,16-Jun
357,gdd_pears,12-May,30-Sep,01-Jun,14-Jun
357,gdd_pecans,12-May,30-Sep,20-May,10-Jul
357,gdd_plums,12-May,30-Sep,28-May,13-Jun
358,gdd_almonds,08-May,30-Sep,28-Mar,30-Apr
358,gdd_apples,08-May,30-Sep,01-Jun,13-Jun
358,gdd_cherries,08-May,30-Sep,22-May,05-Jun
358,gdd_peaches,08-May,30-Sep,20-May,09-Jun
358,gdd_pears,08-May,30-Sep,25-May,06-Jun
358,gdd_pecans,08-May,30-Sep,12-May,02-Jul
358,gdd_plums,08-May,30-Sep,21-May,04-Jun
359,gdd_almonds,03-May,05-Oct,31-Mar,01-May
359,gdd_apples,03-May,05-Oct,01-Jun,13-Jun
359,gdd_cherries,03-May,05-Oct,22-May,04-Jun
359,gdd_peaches,03-May,05-Oct,20-May,08-Jun
359,gdd_pears,03-May,05-Oct,25-May,06-Jun
359,gdd_pecans,03-May,05-Oct,12-May,30-Jun
359,gdd_plums,03-May,05-Oct,21-May,04-Jun
360,gdd_almonds,01-May,03-Oct,31-Mar,02-May
360,gdd_apples,01-May,03-Oct,02-Jun,13-Jun
360,gdd_cherries,01-May,03-Oct,23-May,06-Jun
360,gdd_peaches,01-May,03-Oct,21-May,09-Jun
360,gdd_pears,01-May,03-Oct,26-May,07-Jun
360,gdd_pecans,01-May,03-Oct,13-May,02-Jul
360,gdd_plums,01-May,03-Oct,22-May,05-Jun
361,gdd_almonds,30-Apr,01-Oct,31-Mar,02-May
361,gdd_apples,30-Apr,01-Oct,02-Jun,14-Jun
361,gdd_cherries,30-Apr,01-Oct,23-May,06-Jun
361,gdd_peaches,30-Apr,01-Oct,21-May,10-Jun
361,gdd_pears,30-Apr,01-Oct,26-May,07-Jun
361,gdd_pecans,30-Apr,01-Oct,14-May,05-Jul
361,gdd_plums,30-Apr,01-Oct,22-May,06-Jun
362,gdd_almonds,28-Apr,03-Oct,31-Mar,01-May
362,gdd_apples,28-Apr,03-Oct,02-Jun,14-Jun
362,gdd_cherries,28-Apr,03-Oct,22-May,06-Jun
362,gdd_peaches,28-Apr,03-Oct,20-May,09-Jun
362,gdd_pears,28-Apr,03-Oct,25-May,07-Jun
362,gdd_pecans,28-Apr,03-Oct,13-May,07-Jul
362,gdd_plums,28-Apr,03-Oct,21-May,05-Jun
363,gdd_almonds,25-Apr,06-Oct,31-Mar,01-May
363,gdd_apples,25-Apr,06-Oct,02-Jun,14-Jun
363,gdd_cherries,25-Apr,06-Oct,22-May,06-Jun
363,gdd_peaches,25-Apr,06-Oct,20-May,09-Jun
363,gdd_pears,25-Apr,06-Oct,25-May,07-Jun
363,gdd_pecans,25-Apr,06-Oct,13-May,07-Jul
363,gdd_plums,25-Apr,06-Oct,21-May,05-Jun
364,gdd_almonds,29-Apr,06-Oct,31-Mar,03-May
364,gdd_apples,29-Apr,06-Oct,03-Jun,15-Jun
364,gdd_cherries,29-Apr,06-Oct,24-May,07-Jun
364,gdd_peaches,29-Apr,06-Oct,22-May,11-Jun
364,gdd_pears,29-Apr,06-Oct,27-May,08-Jun
364,gdd_pecans,29-Apr,06-Oct,14-May,07-Jul
364,gdd_plums,29-Apr,06-Oct,23-May,07-Jun
365,gdd_almonds,29-Apr,07-Oct,01-Apr,03-May
365,gdd_apples,29-Apr,07-Oct,03-Jun,15-Jun
365,gdd_cherries,29-Apr,07-Oct,24-May,07-Jun
365,gdd_peaches,29-Apr,07-Oct,22-May,10-Jun
365,gdd_pears,29-Apr,07-Oct,27-May,08-Jun
365,gdd_pecans,29-Apr,07-Oct,14-May,05-Jul
365,gdd_plums,29-Apr,07-Oct,23-May,07-Jun
366,gdd_almonds,29-Apr,14-Oct,31-Mar,03-May
366,gdd_apples,29-Apr,14-Oct,03-Jun,14-Jun
366,gdd_cherries,29-Apr,14-Oct,24-May,07-Jun
366,gdd_peaches,29-Apr,14-Oct,22-May,10-Jun
366,gdd_pears,29-Apr,14-Oct,27-May,08-Jun
366,gdd_pecans,29-Apr,14-Oct,14-May,04-Jul
366,gdd_plums,29-Apr,14-Oct,23-May,06-Jun
367,gdd_almonds,03-May,12-Oct,31-Mar,04-May
367,gdd_apples,03-May,12-Oct,04-Jun,15-Jun
367,gdd_cherries,03-May,12-Oct,25-May,08-Jun
367,gdd_peaches,03-May,12-Oct,23-May,11-Jun
367,gdd_pears,03-May,12-Oct,28-May,09-Jun
367,gdd_pecans,03-May,12-Oct,14-May,06-Jul
367,gdd_plums,03-May,12-Oct,24-May,07-Jun
368,gdd_almonds,01-May,11-Oct,29-Mar,02-May
368,gdd_apples,01-May,11-Oct,03-Jun,14-Jun
368,gdd_cherries,01-May,11-Oct,24-May,07-Jun
368,gdd_peaches,01-May,11-Oct,22-May,09-Jun
368,gdd_pears,01-May,11-Oct,27-May,07-Jun
368,gdd_pecans,01-May,11-Oct,14-May,04-Jul
368,gdd_plums,01-May,11-Oct,23-May,06-Jun
369,gdd_almonds,30-Apr,08-Oct,31-Mar,04-May
369,gdd_apples,30-Apr,08-Oct,04-Jun,16-Jun
369,gdd_cherries,30-Apr,08-Oct,25-May,08-Jun
369,gdd_peaches,30-Apr,08-Oct,23-May,11-Jun
369,gdd_pears,30-Apr,08-Oct,28-May,09-Jun
369,gdd_pecans,30-Apr,08-Oct,16-May,08-Jul
369,gdd_plums,30-Apr,08-Oct,24-May,08-Jun
370,gdd_almonds,05-May,04-Oct,02-Apr,07-May
370,gdd_apples,05-May,04-Oct,08-Jun,21-Jun
370,gdd_cherries,05-May,04-Oct,29-May,12-Jun
370,gdd_peaches,05-May,04-Oct,27-May,16-Jun
370,gdd_pears,05-May,04-Oct,01-Jun,13-Jun
370,gdd_pecans,05-May,04-Oct,20-May,18-Jul
370,gdd_plums,05-May,04-Oct,28-May,12-Jun
371,gdd_almonds,03-May,04-Oct,07-Apr,10-May
371,gdd_apples,03-May,04-Oct,10-Jun,23-Jun
371,gdd_cherries,03-May,04-Oct,31-May,15-Jun
371,gdd_peaches,03-May,04-Oct,30-May,18-Jun
371,gdd_pears,03-May,04-Oct,03-Jun,16-Jun
371,gdd_pecans,03-May,04-Oct,22-May,21-Jul
371,gdd_plums,03-May,04-Oct,30-May,14-Jun
372,gdd_almonds,07-May,08-Oct,12-Apr,14-May
372,gdd_apples,07-May,08-Oct,14-Jun,26-Jun
372,gdd_cherries,07-May,08-Oct,04-Jun,19-Jun
372,gdd_peaches,07-May,08-Oct,02-Jun,22-Jun
372,gdd_pears,07-May,08-Oct,07-Jun,20-Jun
372,gdd_pecans,07-May,08-Oct,29-May,25-Jul
372,gdd_plums,07-May,08-Oct,03-Jun,18-Jun
373,gdd_almonds,06-May,12-Oct,14-Apr,18-May
373,gdd_apples,06-May,12-Oct,18-Jun,29-Jun
373,gdd_cherries,06-May,12-Oct,08-Jun,21-Jun
373,gdd_peaches,06-May,12-Oct,06-Jun,25-Jun
373,gdd_pears,06-May,12-Oct,10-Jun,23-Jun
373,gdd_pecans,06-May,12-Oct,04-Jun,26-Jul
373,gdd_plums,06-May,12-Oct,07-Jun,21-Jun
374,gdd_almonds,27-Apr,28-Oct,17-Apr,20-May
374,gdd_apples,27-Apr,28-Oct,20-Jun,02-Jul
374,gdd_cherries,27-Apr,28-Oct,11-Jun,25-Jun
374,gdd_peaches,27-Apr,28-Oct,09-Jun,28-Jun
374,gdd_pears,27-Apr,28-Oct,13-Jun,26-Jun
374,gdd_pecans,27-Apr,28-Oct,10-Jun,29-Jul
374,gdd_plums,27-Apr,28-Oct,09-Jun,24-Jun
375,gdd_almonds,07-Apr,19-Nov,25-Apr,31-May
375,gdd_apples,07-Apr,19-Nov,08-Jul,21-Jul
375,gdd_cherries,07-Apr,19-Nov,27-Jun,12-Jul
375,gdd_peaches,07-Apr,19-Nov,25-Jun,16-Jul
375,gdd_pears,07-Apr,19-Nov,30-Jun,13-Jul
375,gdd_pecans,07-Apr,19-Nov,10-Jul,
375,gdd_plums,07-Apr,19-Nov,26-Jun,12-Jul
384,gdd_almonds,13-Mar,21-Nov,24-Jan,25-Mar
384,gdd_apples,13-Mar,21-Nov,01-Jun,17-Jun
384,gdd_cherries,13-Mar,21-Nov,17-May,07-Jun
384,gdd_peaches,13-Mar,21-Nov,13-May,11-Jun
384,gdd_pears,13-Mar,21-Nov,21-May,08-Jun
384,gdd_pecans,13-Mar,21-Nov,08-Jun,08-Aug
384,gdd_plums,13-Mar,21-Nov,14-May,06-Jun
385,gdd_almonds,22-May,22-Sep,30-Mar,14-May
385,gdd_apples,22-May,22-Sep,21-Jun,04-Jul
385,gdd_cherries,22-May,22-Sep,11-Jun,26-Jun
385,gdd_peaches,22-May,22-Sep,09-Jun,29-Jun
385,gdd_pears,22-May,22-Sep,14-Jun,27-Jun
385,gdd_pecans,22-May,22-Sep,06-Jun,29-Jul
385,gdd_plums,22-May,22-Sep,10-Jun,25-Jun
386,gdd_almonds,16-Jun,02-Sep,24-Apr,25-May
386,gdd_apples,16-Jun,02-Sep,27-Jun,09-Jul
386,gdd_cherries,16-Jun,02-Sep,17-Jun,01-Jul
386,gdd_peaches,16-Jun,02-Sep,15-Jun,04-Jul
386,gdd_pears,16-Jun,02-Sep,20-Jun,02-Jul
386,gdd_pecans,16-Jun,02-Sep,08-Jun,28-Jul
386,gdd_plums,16-Jun,02-Sep,16-Jun,01-Jul
387,gdd_almonds,15-Jun,27-Aug,21-Apr,24-May
387,gdd_apples,15-Jun,27-Aug,26-Jun,08-Jul
387,gdd_cherries,15-Jun,27-Aug,16-Jun,30-Jun
387,gdd_peaches,15-Jun,27-Aug,15-Jun,03-Jul
387,gdd_pears,15-Jun,27-Aug,19-Jun,01-Jul
387,gdd_pecans,15-Jun,27-Aug,09-Jun,
387,gdd_plums,15-Jun,27-Aug,15-Jun,30-Jun
388,gdd_almonds,11-Jun,28-Aug,17-Apr,20-May
388,gdd_apples,11-Jun,28-Aug,22-Jun,03-Jul
388,gdd_cherries,11-Jun,28-Aug,12-Jun,26-Jun
388,gdd_peaches,11-Jun,28-Aug,11-Jun,29-Jun
388,gdd_pears,11-Jun,28-Aug,15-Jun,27-Jun
388,gdd_pecans,11-Jun,28-Aug,04-Jun,19-Jul
388,gdd_plums,11-Jun,28-Aug,11-Jun,25-Jun
389,gdd_almonds,01-Jun,07-Sep,17-Apr,20-May
389,gdd_apples,01-Jun,07-Sep,20-Jun,01-Jul
389,gdd_cherries,01-Jun,07-Sep,11-Jun,24-Jun
389,gdd_peaches,01-Jun,07-Sep,09-Jun,27-Jun
389,gdd_pears,01-Jun,07-Sep,13-Jun,25-Jun
389,gdd_pecans,01-Jun,07-Sep,02-Jun,16-Jul
389,gdd_plums,01-Jun,07-Sep,10-Jun,23-Jun
390,gdd_almonds,07-Jun,08-Sep,24-Apr,26-May
390,gdd_apples,07-Jun,08-Sep,24-Jun,05-Jul
390,gdd_cherries,07-Jun,08-Sep,15-Jun,28-Jun
390,gdd_peaches,07-Jun,08-Sep,13-Jun,01-Jul
390,gdd_pears,07-Jun,08-Sep,18-Jun,29-Jun
390,gdd_pecans,07-Jun,08-Sep,07-Jun,20-Jul
390,gdd_plums,07-Jun,08-Sep,14-Jun,28-Jun
391,gdd_almonds,15-Jun,03-Sep,14-May,08-Jun
391,gdd_apples,15-Jun,03-Sep,05-Jul,15-Jul
391,gdd_cherries,15-Jun,03-Sep,25-Jun,08-Jul
391,gdd_peaches,15-Jun,03-Sep,24-Jun,11-Jul
391,gdd_pears,15-Jun,03-Sep,28-Jun,09-Jul
391,gdd_pecans,15-Jun,03-Sep,19-Jun,
391,gdd_plums,15-Jun,03-Sep,24-Jun,08-Jul
392,gdd_almonds,20-Jun,24-Aug,18-May,13-Jun
392,gdd_apples,20-Jun,24-Aug,11-Jul,22-Jul
392,gdd_cherries,20-Jun,24-Aug,01-Jul,14-Jul
392,gdd_peaches,20-Jun,24-Aug,30-Jun,17-Jul
392,gdd_pears,20-Jun,24-Aug,04-Jul,15-Jul
392,gdd_pecans,20-Jun,24-Aug,27-Jun,
392,gdd_plums,20-Jun,24-Aug,30-Jun,14-Jul
393,gdd_almonds,11-Jun,04-Sep,17-May,12-Jun
393,gdd_apples,11-Jun,04-Sep,09-Jul,20-Jul
393,gdd_cherries,11-Jun,04-Sep,30-Jun,12-Jul
393,gdd_peaches,11-Jun,04-Sep,28-Jun,15-Jul
393,gdd_pears,11-Jun,04-Sep,03-Jul,13-Jul
393,gdd_pecans,11-Jun,04-Sep,26-Jun,
393,gdd_plums,11-Jun,04-Sep,29-Jun,12-Jul
394,gdd_almonds,23-May,21-Sep,02-May,29-May
394,gdd_apples,23-May,21-Sep,28-Jun,09-Jul
394,gdd_cherries,23-May,21-Sep,19-Jun,02-Jul
394,gdd_peaches,23-May,21-Sep,17-Jun,05-Jul
394,gdd_pears,23-May,21-Sep,22-Jun,03-Jul
394,gdd_pecans,23-May,21-Sep,16-Jun,01-Aug
394,gdd_plums,23-May,21-Sep,18-Jun,01-Jul
395,gdd_almonds,06-May,04-Oct,02-Apr,07-May
395,gdd_apples,06-May,04-Oct,09-Jun,21-Jun
395,gdd_cherries,06-May,04-Oct,29-May,13-Jun
395,gdd_peaches,06-May,04-Oct,27-May,17-Jun
395,gdd_pears,06-May,04-Oct,01-Jun,15-Jun
395,gdd_pecans,06-May,04-Oct,22-May,11-Jul
395,gdd_plums,06-May,04-Oct,28-May,13-Jun
396,gdd_almonds,28-Apr,09-Oct,14-Mar,20-Apr
396,gdd_apples,28-Apr,09-Oct,24-May,05-Jun
396,gdd_cherries,28-Apr,09-Oct,14-May,28-May
396,gdd_peaches,28-Apr,09-Oct,12-May,31-May
396,gdd_pears,28-Apr,09-Oct,17-May,29-May
396,gdd_pecans,28-Apr,09-Oct,05-May,25-Jun
396,gdd_plums,28-Apr,09-Oct,13-May,27-May
397,gdd_almonds,25-Apr,11-Oct,12-Mar,18-Apr
397,gdd_apples,25-Apr,11-Oct,20-May,01-Jun
397,gdd_cherries,25-Apr,11-Oct,10-May,24-May
397,gdd_peaches,25-Apr,11-Oct,08-May,27-May
397,gdd_pears,25-Apr,11-Oct,13-May,25-May
397,gdd_pecans,25-Apr,11-Oct,29-Apr,20-Jun
397,gdd_plums,25-Apr,11-Oct,09-May,24-May
398,gdd_almonds,27-Apr,07-Oct,21-Mar,21-Apr
398,gdd_apples,27-Apr,07-Oct,23-May,04-Jun
398,gdd_cherries,27-Apr,07-Oct,13-May,27-May
398,gdd_peaches,27-Apr,07-Oct,11-May,30-May
398,gdd_pears,27-Apr,07-Oct,16-May,28-May
398,gdd_pecans,27-Apr,07-Oct,01-May,22-Jun
398,gdd_plums,27-Apr,07-Oct,11-May,26-May
399,gdd_almonds,26-Apr,06-Oct,23-Mar,22-Apr
399,gdd_apples,26-Apr,06-Oct,25-May,05-Jun
399,gdd_cherries,26-Apr,06-Oct,14-May,29-May
399,gdd_peaches,26-Apr,06-Oct,12-May,01-Jun
399,gdd_pears,26-Apr,06-Oct,18-May,30-May
399,gdd_pecans,26-Apr,06-Oct,03-May,26-Jun
399,gdd_plums,26-Apr,06-Oct,13-May,28-May
400,gdd_almonds,18-Apr,12-Oct,21-Mar,20-Apr
400,gdd_apples,18-Apr,12-Oct,23-May,04-Jun
400,gdd_cherries,18-Apr,12-Oct,12-May,27-May
400,gdd_peaches,18-Apr,12-Oct,10-May,31-May
400,gdd_pears,18-Apr,12-Oct,16-May,28-May
400,gdd_pecans,18-Apr,12-Oct,01-May,25-Jun
400,gdd_plums,18-Apr,12-Oct,11-May,27-May
401,gdd_almonds,18-Apr,11-Oct,19-Mar,19-Apr
401,gdd_apples,18-Apr,11-Oct,23-May,04-Jun
401,gdd_cherries,18-Apr,11-Oct,12-May,27-May
401,gdd_peaches,18-Apr,11-Oct,10-May,30-May
401,gdd_pears,18-Apr,11-Oct,15-May,28-May
401,gdd_pecans,18-Apr,11-Oct,01-May,26-Jun
401,gdd_plums,18-Apr,11-Oct,11-May,26-May
402,gdd_almonds,19-Apr,09-Oct,19-Mar,21-Apr
402,gdd_apples,19-Apr,09-Oct,25-May,06-Jun
402,gdd_cherries,19-Apr,09-Oct,14-May,29-May
402,gdd_peaches,19-Apr,09-Oct,12-May,01-Jun
402,gdd_pears,19-Apr,09-Oct,17-May,30-May
402,gdd_pecans,19-Apr,09-Oct,04-May,28-Jun
402,gdd_plums,19-Apr,09-Oct,12-May,28-May
403,gdd_almonds,21-Apr,09-Oct,18-Mar,21-Apr
403,gdd_apples,21-Apr,09-Oct,25-May,06-Jun
403,gdd_cherries,21-Apr,09-Oct,14-May,29-May
403,gdd_peaches,21-Apr,09-Oct,12-May,02-Jun
403,gdd_pears,21-Apr,09-Oct,18-May,30-May
403,gdd_pecans,21-Apr,09-Oct,06-May,29-Jun
403,gdd_plums,21-Apr,09-Oct,13-May,29-May
404,gdd_almonds,21-Apr,09-Oct,15-Mar,19-Apr
404,gdd_apples,21-Apr,09-Oct,24-May,06-Jun
404,gdd_cherries,21-Apr,09-Oct,13-May,29-May
404,gdd_peaches,21-Apr,09-Oct,11-May,01-Jun
404,gdd_pears,21-Apr,09-Oct,17-May,30-May
404,gdd_pecans,21-Apr,09-Oct,06-May,28-Jun
404,gdd_plums,21-Apr,09-Oct,12-May,28-May
405,gdd_almonds,27-Apr,11-Oct,12-Mar,19-Apr
405,gdd_apples,27-Apr,11-Oct,25-May,06-Jun
405,gdd_cherries,27-Apr,11-Oct,14-May,29-May
405,gdd_peaches,27-Apr,11-Oct,12-May,01-Jun
405,gdd_pears,27-Apr,11-Oct,17-May,30-May
405,gdd_pecans,27-Apr,11-Oct,06-May,29-Jun
405,gdd_plums,27-Apr,11-Oct,12-May,28-May
406,gdd_almonds,27-Apr,13-Oct,15-Mar,22-Apr
406,gdd_apples,27-Apr,13-Oct,27-May,08-Jun
406,gdd_cherries,27-Apr,13-Oct,16-May,31-May
406,gdd_peaches,27-Apr,13-Oct,14-May,03-Jun
406,gdd_pears,27-Apr,13-Oct,19-May,01-Jun
406,gdd_pecans,27-Apr,13-Oct,09-May,01-Jul
406,gdd_plums,27-Apr,13-Oct,15-May,30-May
407,gdd_almonds,29-Apr,07-Oct,18-Mar,27-Apr
407,gdd_apples,29-Apr,07-Oct,01-Jun,13-Jun
407,gdd_cherries,29-Apr,07-Oct,21-May,05-Jun
407,gdd_peaches,29-Apr,07-Oct,19-May,08-Jun
407,gdd_pears,29-Apr,07-Oct,25-May,06-Jun
407,gdd_pecans,29-Apr,07-Oct,16-May,09-Jul
407,gdd_plums,29-Apr,07-Oct,20-May,04-Jun
408,gdd_almonds,29-Apr,08-Oct,21-Mar,30-Apr
408,gdd_apples,29-Apr,08-Oct,03-Jun,15-Jun
408,gdd_cherries,29-Apr,08-Oct,23-May,07-Jun
408,gdd_peaches,29-Apr,08-Oct,21-May,10-Jun
408,gdd_pears,29-Apr,08-Oct,26-May,08-Jun
408,gdd_pecans,29-Apr,08-Oct,17-May,11-Jul
408,gdd_plums,29-Apr,08-Oct,22-May,06-Jun
409,gdd_almonds,29-Apr,13-Oct,20-Mar,30-Apr
409,gdd_apples,29-Apr,13-Oct,03-Jun,15-Jun
409,gdd_cherries,29-Apr,13-Oct,24-May,07-Jun
409,gdd_peaches,29-Apr,13-Oct,22-May,10-Jun
409,gdd_pears,29-Apr,13-Oct,27-May,08-Jun
409,gdd_pecans,29-Apr,13-Oct,17-May,10-Jul
409,gdd_plums,29-Apr,13-Oct,23-May,06-Jun
410,gdd_almonds,26-Apr,23-Oct,20-Mar,02-May
410,gdd_apples,26-Apr,23-Oct,04-Jun,16-Jun
410,gdd_cherries,26-Apr,23-Oct,25-May,08-Jun
410,gdd_peaches,26-Apr,23-Oct,24-May,11-Jun
410,gdd_pears,26-Apr,23-Oct,28-May,09-Jun
410,gdd_pecans,26-Apr,23-Oct,19-May,08-Jul
410,gdd_plums,26-Apr,23-Oct,24-May,08-Jun
411,gdd_almonds,04-Apr,27-Nov,28-Mar,14-May
411,gdd_apples,04-Apr,27-Nov,20-Jun,02-Jul
411,gdd_cherries,04-Apr,27-Nov,10-Jun,24-Jun
411,gdd_peaches,04-Apr,27-Nov,08-Jun,27-Jun
411,gdd_pears,04-Apr,27-Nov,13-Jun,25-Jun
411,gdd_pecans,04-Apr,27-Nov,16-Jun,29-Jul
411,gdd_plums,04-Apr,27-Nov,09-Jun,24-Jun
412,gdd_almonds,24-Mar,08-Dec,28-Feb,06-May
412,gdd_apples,24-Mar,08-Dec,19-Jun,02-Jul
412,gdd_cherries,24-Mar,08-Dec,08-Jun,23-Jun
412,gdd_peaches,24-Mar,08-Dec,06-Jun,27-Jun
412,gdd_pears,24-Mar,08-Dec,12-Jun,25-Jun
412,gdd_pecans,24-Mar,08-Dec,19-Jun,01-Aug
412,gdd_plums,24-Mar,08-Dec,07-Jun,23-Jun
413,gdd_almonds,16-Mar,25-Dec,30-Jan,22-Apr
413,gdd_apples,16-Mar,25-Dec,16-Jun,30-Jun
413,gdd_cherries,16-Mar,25-Dec,04-Jun,21-Jun
413,gdd_peaches,16-Mar,25-Dec,01-Jun,24-Jun
413,gdd_pears,16-Mar,25-Dec,07-Jun,22-Jun
413,gdd_pecans,16-Mar,25-Dec,24-Jun,08-Aug
413,gdd_plums,16-Mar,25-Dec,02-Jun,20-Jun
422,gdd_almonds,22-Dec,21-Dec,08-Jan,07-Feb
422,gdd_apples,22-Dec,21-Dec,19-Apr,16-May
422,gdd_cherries,22-Dec,21-Dec,25-Mar,28-Apr
422,gdd_peaches,22-Dec,21-Dec,21-Mar,06-May
422,gdd_pears,22-Dec,21-Dec,02-Apr,01-May
422,gdd_pecans,22-Dec,21-Dec,,
422,gdd_plums,22-Dec,21-Dec,23-Mar,27-Apr
423,gdd_almonds,14-Apr,31-Oct,05-Feb,06-Apr
423,gdd_apples,14-Apr,31-Oct,31-May,14-Jun
423,gdd_cherries,14-Apr,31-Oct,18-May,05-Jun
423,gdd_peaches,14-Apr,31-Oct,15-May,09-Jun
423,gdd_pears,14-Apr,31-Oct,22-May,07-Jun
423,gdd_pecans,14-Apr,31-Oct,26-May,18-Jul
423,gdd_plums,14-Apr,31-Oct,16-May,04-Jun
424,gdd_almonds,18-Jun,28-Aug,12-Apr,15-May
424,gdd_apples,18-Jun,28-Aug,16-Jun,28-Jun
424,gdd_cherries,18-Jun,28-Aug,07-Jun,20-Jun
424,gdd_peaches,18-Jun,28-Aug,05-Jun,23-Jun
424,gdd_pears,18-Jun,28-Aug,10-Jun,21-Jun
424,gdd_pecans,18-Jun,28-Aug,31-May,16-Jul
424,gdd_plums,18-Jun,28-Aug,06-Jun,20-Jun
425,gdd_almonds,29-Jun,17-Aug,18-Apr,21-May
425,gdd_apples,29-Jun,17-Aug,22-Jun,03-Jul
425,gdd_cherries,29-Jun,17-Aug,12-Jun,26-Jun
425,gdd_peaches,29-Jun,17-Aug,10-Jun,29-Jun
425,gdd_pears,29-Jun,17-Aug,15-Jun,27-Jun
425,gdd_pecans,29-Jun,17-Aug,06-Jun,22-Jul
425,gdd_plums,29-Jun,17-Aug,11-Jun,25-Jun
426,gdd_almonds,26-Jun,21-Aug,19-Apr,20-May
426,gdd_apples,26-Jun,21-Aug,21-Jun,03-Jul
426,gdd_cherries,26-Jun,21-Aug,12-Jun,25-Jun
426,gdd_peaches,26-Jun,21-Aug,10-Jun,28-Jun
426,gdd_pears,26-Jun,21-Aug,14-Jun,26-Jun
426,gdd_pecans,26-Jun,21-Aug,06-Jun,22-Jul
426,gdd_plums,26-Jun,21-Aug,10-Jun,25-Jun
427,gdd_almonds,15-Jun,03-Sep,15-Apr,17-May
427,gdd_apples,15-Jun,03-Sep,17-Jun,28-Jun
427,gdd_cherries,15-Jun,03-Sep,07-Jun,20-Jun
427,gdd_peaches,15-Jun,03-Sep,05-Jun,23-Jun
427,gdd_pears,15-Jun,03-Sep,10-Jun,21-Jun
427,gdd_pecans,15-Jun,03-Sep,01-Jun,15-Jul
427,gdd_plums,15-Jun,03-Sep,06-Jun,20-Jun
428,gdd_almonds,02-Jun,12-Sep,11-Apr,15-May
428,gdd_apples,02-Jun,12-Sep,14-Jun,25-Jun
428,gdd_cherries,02-Jun,12-Sep,05-Jun,17-Jun
428,gdd_peaches,02-Jun,12-Sep,03-Jun,20-Jun
428,gdd_pears,02-Jun,12-Sep,07-Jun,18-Jun
428,gdd_pecans,02-Jun,12-Sep,29-May,10-Jul
428,gdd_plums,02-Jun,12-Sep,03-Jun,17-Jun
429,gdd_almonds,02-Jun,15-Sep,21-Apr,23-May
429,gdd_apples,02-Jun,15-Sep,21-Jun,02-Jul
429,gdd_cherries,02-Jun,15-Sep,12-Jun,25-Jun
429,gdd_peaches,02-Jun,15-Sep,11-Jun,28-Jun
429,gdd_pears,02-Jun,15-Sep,15-Jun,26-Jun
429,gdd_pecans,02-Jun,15-Sep,07-Jun,19-Jul
429,gdd_plums,02-Jun,15-Sep,11-Jun,24-Jun
430,gdd_almonds,14-Jun,06-Sep,13-May,08-Jun
430,gdd_apples,14-Jun,06-Sep,05-Jul,16-Jul
430,gdd_cherries,14-Jun,06-Sep,26-Jun,09-Jul
430,gdd_peaches,14-Jun,06-Sep,25-Jun,12-Jul
430,gdd_pears,14-Jun,06-Sep,29-Jun,10-Jul
430,gdd_pecans,14-Jun,06-Sep,23-Jun,
430,gdd_plums,14-Jun,06-Sep,25-Jun,09-Jul
431,gdd_almonds,16-Jun,07-Sep,24-May,17-Jun
431,gdd_apples,16-Jun,07-Sep,12-Jul,24-Jul
431,gdd_cherries,16-Jun,07-Sep,03-Jul,16-Jul
431,gdd_peaches,16-Jun,07-Sep,02-Jul,19-Jul
431,gdd_pears,16-Jun,07-Sep,06-Jul,17-Jul
431,gdd_pecans,16-Jun,07-Sep,28-Jun,
431,gdd_plums,16-Jun,07-Sep,02-Jul,16-Jul
432,gdd_almonds,26-May,21-Sep,06-May,01-Jun
432,gdd_apples,26-May,21-Sep,30-Jun,11-Jul
432,gdd_cherries,26-May,21-Sep,21-Jun,04-Jul
432,gdd_peaches,26-May,21-Sep,19-Jun,07-Jul
432,gdd_pears,26-May,21-Sep,24-Jun,05-Jul
432,gdd_pecans,26-May,21-Sep,17-Jun,
432,gdd_plums,26-May,21-Sep,20-Jun,03-Jul
433,gdd_almonds,05-May,05-Oct,31-Mar,06-May
433,gdd_apples,05-May,05-Oct,08-Jun,19-Jun
433,gdd_cherries,05-May,05-Oct,28-May,12-Jun
433,gdd_peaches,05-May,05-Oct,26-May,15-Jun
433,gdd_pears,05-May,05-Oct,31-May,13-Jun
433,gdd_pecans,05-May,05-Oct,24-May,09-Jul
433,gdd_plums,05-May,05-Oct,26-May,11-Jun
434,gdd_almonds,24-Apr,09-Oct,03-Mar,10-Apr
434,gdd_apples,24-Apr,09-Oct,17-May,29-May
434,gdd_cherries,24-Apr,09-Oct,06-May,21-May
434,gdd_peaches,24-Apr,09-Oct,04-May,24-May
434,gdd_pears,24-Apr,09-Oct,09-May,22-May
434,gdd_pecans,24-Apr,09-Oct,30-Apr,19-Jun
434,gdd_plums,24-Apr,09-Oct,05-May,20-May
435,gdd_almonds,19-Apr,12-Oct,27-Feb,06-Apr
435,gdd_apples,19-Apr,12-Oct,10-May,22-May
435,gdd_cherries,19-Apr,12-Oct,29-Apr,14-May
435,gdd_peaches,19-Apr,12-Oct,26-Apr,17-May
435,gdd_pears,19-Apr,12-Oct,03-May,15-May
435,gdd_pecans,19-Apr,12-Oct,17-Apr,10-Jun
435,gdd_plums,19-Apr,12-Oct,27-Apr,13-May
436,gdd_almonds,18-Apr,11-Oct,03-Mar,09-Apr
436,gdd_apples,18-Apr,11-Oct,12-May,24-May
436,gdd_cherries,18-Apr,11-Oct,01-May,16-May
436,gdd_peaches,18-Apr,11-Oct,29-Apr,19-May
436,gdd_pears,18-Apr,11-Oct,05-May,17-May
436,gdd_pecans,18-Apr,11-Oct,18-Apr,12-Jun
436,gdd_plums,18-Apr,11-Oct,30-Apr,16-May
437,gdd_almonds,18-Apr,10-Oct,04-Mar,12-Apr
437,gdd_apples,18-Apr,10-Oct,15-May,28-May
437,gdd_cherries,18-Apr,10-Oct,04-May,19-May
437,gdd_peaches,18-Apr,10-Oct,02-May,22-May
437,gdd_pears,18-Apr,10-Oct,08-May,20-May
437,gdd_pecans,18-Apr,10-Oct,23-Apr,18-Jun
437,gdd_plums,18-Apr,10-Oct,03-May,19-May
438,gdd_almonds,15-Apr,18-Oct,28-Feb,09-Apr
438,gdd_apples,15-Apr,18-Oct,14-May,26-May
438,gdd_cherries,15-Apr,18-Oct,03-May,18-May
438,gdd_peaches,15-Apr,18-Oct,01-May,21-May
438,gdd_pears,15-Apr,18-Oct,06-May,19-May
438,gdd_pecans,15-Apr,18-Oct,22-Apr,18-Jun
438,gdd_plums,15-Apr,18-Oct,02-May,17-May
439,gdd_almonds,13-Apr,17-Oct,24-Feb,08-Apr
439,gdd_apples,13-Apr,17-Oct,13-May,25-May
439,gdd_cherries,13-Apr,17-Oct,01-May,17-May
439,gdd_peaches,13-Apr,17-Oct,29-Apr,20-May
439,gdd_pears,13-Apr,17-Oct,05-May,18-May
439,gdd_pecans,13-Apr,17-Oct,22-Apr,17-Jun
439,gdd_plums,13-Apr,17-Oct,30-Apr,16-May
440,gdd_almonds,14-Apr,12-Oct,23-Feb,07-Apr
440,gdd_apples,14-Apr,12-Oct,13-May,25-May
440,gdd_cherries,14-Apr,12-Oct,01-May,17-May
440,gdd_peaches,14-Apr,12-Oct,29-Apr,21-May
440,gdd_pears,14-Apr,12-Oct,05-May,18-May
440,gdd_pecans,14-Apr,12-Oct,22-Apr,18-Jun
440,gdd_plums,14-Apr,12-Oct,30-Apr,17-May
441,gdd_almonds,15-Apr,15-Oct,19-Feb,06-Apr
441,gdd_apples,15-Apr,15-Oct,12-May,25-May
441,gdd_cherries,15-Apr,15-Oct,01-May,17-May
441,gdd_peaches,15-Apr,15-Oct,29-Apr,20-May
441,gdd_pears,15-Apr,15-Oct,05-May,18-May
441,gdd_pecans,15-Apr,15-Oct,22-Apr,18-Jun
441,gdd_plums,15-Apr,15-Oct,30-Apr,16-May
442,gdd_almonds,14-Apr,15-Oct,12-Feb,04-Apr
442,gdd_apples,14-Apr,15-Oct,11-May,24-May
442,gdd_cherries,14-Apr,15-Oct,29-Apr,16-May
442,gdd_peaches,14-Apr,15-Oct,27-Apr,19-May
442,gdd_pears,14-Apr,15-Oct,03-May,17-May
442,gdd_pecans,14-Apr,15-Oct,21-Apr,18-Jun
442,gdd_plums,14-Apr,15-Oct,28-Apr,15-May
443,gdd_almonds,15-Apr,19-Oct,13-Feb,06-Apr
443,gdd_apples,15-Apr,19-Oct,14-May,28-May
443,gdd_cherries,15-Apr,19-Oct,02-May,19-May
443,gdd_peaches,15-Apr,19-Oct,30-Apr,22-May
443,gdd_pears,15-Apr,19-Oct,06-May,20-May
443,gdd_pecans,15-Apr,19-Oct,25-Apr,23-Jun
443,gdd_plums,15-Apr,19-Oct,01-May,18-May
444,gdd_almonds,25-Apr,13-Oct,22-Feb,13-Apr
444,gdd_apples,25-Apr,13-Oct,21-May,03-Jun
444,gdd_cherries,25-Apr,13-Oct,10-May,26-May
444,gdd_peaches,25-Apr,13-Oct,08-May,29-May
444,gdd_pears,25-Apr,13-Oct,13-May,27-May
444,gdd_pecans,25-Apr,13-Oct,06-May,01-Jul
444,gdd_plums,25-Apr,13-Oct,09-May,25-May
445,gdd_almonds,29-Apr,07-Oct,04-Mar,19-Apr
445,gdd_apples,29-Apr,07-Oct,26-May,08-Jun
445,gdd_cherries,29-Apr,07-Oct,15-May,31-May
445,gdd_peaches,29-Apr,07-Oct,13-May,03-Jun
445,gdd_pears,29-Apr,07-Oct,18-May,01-Jun
445,gdd_pecans,29-Apr,07-Oct,11-May,06-Jul
445,gdd_plums,29-Apr,07-Oct,13-May,30-May
446,gdd_almonds,29-Apr,08-Oct,03-Mar,19-Apr
446,gdd_apples,29-Apr,08-Oct,26-May,06-Jun
446,gdd_cherries,29-Apr,08-Oct,14-May,30-May
446,gdd_peaches,29-Apr,08-Oct,12-May,02-Jun
446,gdd_pears,29-Apr,08-Oct,17-May,31-May
446,gdd_pecans,29-Apr,08-Oct,09-May,02-Jul
446,gdd_plums,29-Apr,08-Oct,12-May,29-May
447,gdd_almonds,17-Apr,21-Oct,21-Feb,14-Apr
447,gdd_apples,17-Apr,21-Oct,21-May,02-Jun
447,gdd_cherries,17-Apr,21-Oct,10-May,25-May
447,gdd_peaches,17-Apr,21-Oct,08-May,29-May
447,gdd_pears,17-Apr,21-Oct,13-May,26-May
447,gdd_pecans,17-Apr,21-Oct,04-May,25-Jun
447,gdd_plums,17-Apr,21-Oct,09-May,25-May
448,gdd_almonds,05-Apr,15-Nov,08-Feb,08-Apr
448,gdd_apples,05-Apr,15-Nov,18-May,31-May
448,gdd_cherries,05-Apr,15-Nov,06-May,22-May
448,gdd_peaches,05-Apr,15-Nov,04-May,26-May
448,gdd_pears,05-Apr,15-Nov,10-May,24-May
448,gdd_pecans,05-Apr,15-Nov,06-May,23-Jun
448,gdd_plums,05-Apr,15-Nov,05-May,22-May
461,gdd_almonds,08-Jan,18-Dec,09-Jan,12-Feb
461,gdd_apples,08-Jan,18-Dec,17-Apr,07-May
461,gdd_cherries,08-Jan,18-Dec,28-Mar,24-Apr
461,gdd_peaches,08-Jan,18-Dec,25-Mar,29-Apr
461,gdd_pears,08-Jan,18-Dec,03-Apr,25-Apr
461,gdd_pecans,08-Jan,18-Dec,15-May,11-Jul
461,gdd_plums,08-Jan,18-Dec,26-Mar,23-Apr
462,gdd_almonds,27-May,21-Sep,17-Feb,18-Apr
462,gdd_apples,27-May,21-Sep,02-Jun,14-Jun
462,gdd_cherries,27-May,21-Sep,22-May,06-Jun
462,gdd_peaches,27-May,21-Sep,20-May,09-Jun
462,gdd_pears,27-May,21-Sep,25-May,07-Jun
462,gdd_pecans,27-May,21-Sep,21-May,10-Jul
462,gdd_plums,27-May,21-Sep,21-May,05-Jun
463,gdd_almonds,17-Jun,09-Sep,19-Mar,28-Apr
463,gdd_apples,17-Jun,09-Sep,05-Jun,16-Jun
463,gdd_cherries,17-Jun,09-Sep,24-May,09-Jun
463,gdd_peaches,17-Jun,09-Sep,22-May,12-Jun
463,gdd_pears,17-Jun,09-Sep,28-May,10-Jun
463,gdd_pecans,17-Jun,09-Sep,21-May,07-Jul
463,gdd_plums,17-Jun,09-Sep,23-May,08-Jun
464,gdd_almonds,15-Jun,13-Sep,28-Mar,02-May
464,gdd_apples,15-Jun,13-Sep,06-Jun,17-Jun
464,gdd_cherries,15-Jun,13-Sep,26-May,10-Jun
464,gdd_peaches,15-Jun,13-Sep,24-May,13-Jun
464,gdd_pears,15-Jun,13-Sep,29-May,11-Jun
464,gdd_pecans,15-Jun,13-Sep,24-May,08-Jul
464,gdd_plums,15-Jun,13-Sep,24-May,10-Jun
465,gdd_almonds,30-May,23-Sep,24-Mar,27-Apr
465,gdd_apples,30-May,23-Sep,31-May,12-Jun
465,gdd_cherries,30-May,23-Sep,20-May,04-Jun
465,gdd_peaches,30-May,23-Sep,19-May,08-Jun
465,gdd_pears,30-May,23-Sep,23-May,05-Jun
465,gdd_pecans,30-May,23-Sep,18-May,02-Jul
465,gdd_plums,30-May,23-Sep,19-May,04-Jun
466,gdd_almonds,27-May,24-Sep,23-Mar,26-Apr
466,gdd_apples,27-May,24-Sep,30-May,10-Jun
466,gdd_cherries,27-May,24-Sep,19-May,02-Jun
466,gdd_peaches,27-May,24-Sep,18-May,06-Jun
466,gdd_pears,27-May,24-Sep,22-May,04-Jun
466,gdd_pecans,27-May,24-Sep,16-May,29-Jun
466,gdd_plums,27-May,24-Sep,18-May,02-Jun
467,gdd_almonds,25-May,30-Sep,04-Apr,07-May
467,gdd_apples,25-May,30-Sep,09-Jun,20-Jun
467,gdd_cherries,25-May,30-Sep,29-May,12-Jun
467,gdd_peaches,25-May,30-Sep,27-May,15-Jun
467,gdd_pears,25-May,30-Sep,01-Jun,13-Jun
467,gdd_pecans,25-May,30-Sep,28-May,10-Jul
467,gdd_plums,25-May,30-Sep,28-May,12-Jun
468,gdd_almonds,09-Jun,14-Sep,25-Apr,25-May
468,gdd_apples,09-Jun,14-Sep,24-Jun,05-Jul
468,gdd_cherries,09-Jun,14-Sep,15-Jun,28-Jun
468,gdd_peaches,09-Jun,14-Sep,13-Jun,01-Jul
468,gdd_pears,09-Jun,14-Sep,18-Jun,29-Jun
468,gdd_pecans,09-Jun,14-Sep,14-Jun,28-Jul
468,gdd_plums,09-Jun,14-Sep,14-Jun,28-Jun
469,gdd_almonds,13-Jun,13-Sep,08-May,02-Jun
469,gdd_apples,13-Jun,13-Sep,30-Jun,11-Jul
469,gdd_cherries,13-Jun,13-Sep,21-Jun,04-Jul
469,gdd_peaches,13-Jun,13-Sep,20-Jun,07-Jul
469,gdd_pears,13-Jun,13-Sep,24-Jun,05-Jul
469,gdd_pecans,13-Jun,13-Sep,18-Jun,
469,gdd_plums,13-Jun,13-Sep,20-Jun,03-Jul
470,gdd_almonds,17-May,25-Sep,18-Apr,19-May
470,gdd_apples,17-May,25-Sep,18-Jun,29-Jun
470,gdd_cherries,17-May,25-Sep,09-Jun,22-Jun
470,gdd_peaches,17-May,25-Sep,07-Jun,25-Jun
470,gdd_pears,17-May,25-Sep,12-Jun,23-Jun
470,gdd_pecans,17-May,25-Sep,08-Jun,19-Jul
470,gdd_plums,17-May,25-Sep,08-Jun,21-Jun
471,gdd_almonds,02-May,09-Oct,15-Mar,20-Apr
471,gdd_apples,02-May,09-Oct,25-May,06-Jun
471,gdd_cherries,02-May,09-Oct,14-May,29-May
471,gdd_peaches,02-May,09-Oct,12-May,01-Jun
471,gdd_pears,02-May,09-Oct,17-May,30-May
471,gdd_pecans,02-May,09-Oct,09-May,25-Jun
471,gdd_plums,02-May,09-Oct,12-May,28-May
472,gdd_almonds,16-Apr,16-Oct,13-Feb,26-Mar
472,gdd_apples,16-Apr,16-Oct,03-May,14-May
472,gdd_cherries,16-Apr,16-Oct,21-Apr,07-May
472,gdd_peaches,16-Apr,16-Oct,19-Apr,10-May
472,gdd_pears,16-Apr,16-Oct,24-Apr,08-May
472,gdd_pecans,16-Apr,16-Oct,12-Apr,05-Jun
472,gdd_plums,16-Apr,16-Oct,19-Apr,06-May
473,gdd_almonds,15-Apr,19-Oct,08-Feb,20-Mar
473,gdd_apples,15-Apr,19-Oct,25-Apr,08-May
473,gdd_cherries,15-Apr,19-Oct,15-Apr,30-Apr
473,gdd_peaches,15-Apr,19-Oct,13-Apr,04-May
473,gdd_pears,15-Apr,19-Oct,18-Apr,01-May
473,gdd_pecans,15-Apr,19-Oct,01-Apr,27-May
473,gdd_plums,15-Apr,19-Oct,14-Apr,29-Apr
474,gdd_almonds,14-Apr,19-Oct,10-Feb,23-Mar
474,gdd_apples,14-Apr,19-Oct,28-Apr,11-May
474,gdd_cherries,14-Apr,19-Oct,17-Apr,03-May
474,gdd_peaches,14-Apr,19-Oct,15-Apr,06-May
474,gdd_pears,14-Apr,19-Oct,20-Apr,04-May
474,gdd_pecans,14-Apr,19-Oct,03-Apr,30-May
474,gdd_plums,14-Apr,19-Oct,16-Apr,02-May
475,gdd_almonds,14-Apr,21-Oct,11-Feb,26-Mar
475,gdd_apples,14-Apr,21-Oct,03-May,15-May
475,gdd_cherries,14-Apr,21-Oct,21-Apr,07-May
475,gdd_peaches,14-Apr,21-Oct,19-Apr,10-May
475,gdd_pears,14-Apr,21-Oct,24-Apr,08-May
475,gdd_pecans,14-Apr,21-Oct,11-Apr,07-Jun
475,gdd_plums,14-Apr,21-Oct,20-Apr,06-May
476,gdd_almonds,08-Apr,21-Oct,07-Feb,26-Mar
476,gdd_apples,08-Apr,21-Oct,03-May,16-May
476,gdd_cherries,08-Apr,21-Oct,21-Apr,08-May
476,gdd_peaches,08-Apr,21-Oct,19-Apr,11-May
476,gdd_pears,08-Apr,21-Oct,25-Apr,09-May
476,gdd_pecans,08-Apr,21-Oct,15-Apr,10-Jun
476,gdd_plums,08-Apr,21-Oct,20-Apr,07-May
477,gdd_almonds,07-Apr,21-Oct,02-Feb,25-Mar
477,gdd_apples,07-Apr,21-Oct,02-May,15-May
477,gdd_cherries,07-Apr,21-Oct,20-Apr,06-May
477,gdd_peaches,07-Apr,21-Oct,17-Apr,10-May
477,gdd_pears,07-Apr,21-Oct,23-Apr,08-May
477,gdd_pecans,07-Apr,21-Oct,13-Apr,09-Jun
477,gdd_plums,07-Apr,21-Oct,19-Apr,06-May
478,gdd_almonds,06-Apr,24-Oct,31-Jan,24-Mar
478,gdd_apples,06-Apr,24-Oct,01-May,14-May
478,gdd_cherries,06-Apr,24-Oct,19-Apr,06-May
478,gdd_peaches,06-Apr,24-Oct,17-Apr,10-May
478,gdd_pears,06-Apr,24-Oct,23-Apr,07-May
478,gdd_pecans,06-Apr,24-Oct,13-Apr,09-Jun
478,gdd_plums,06-Apr,24-Oct,17-Apr,05-May
479,gdd_almonds,06-Apr,27-Oct,31-Jan,23-Mar
479,gdd_apples,06-Apr,27-Oct,01-May,14-May
479,gdd_cherries,06-Apr,27-Oct,19-Apr,06-May
479,gdd_peaches,06-Apr,27-Oct,16-Apr,09-May
479,gdd_pears,06-Apr,27-Oct,23-Apr,07-May
479,gdd_pecans,06-Apr,27-Oct,14-Apr,09-Jun
479,gdd_plums,06-Apr,27-Oct,17-Apr,05-May
480,gdd_almonds,06-Apr,27-Oct,31-Jan,24-Mar
480,gdd_apples,06-Apr,27-Oct,02-May,16-May
480,gdd_cherries,06-Apr,27-Oct,20-Apr,07-May
480,gdd_peaches,06-Apr,27-Oct,17-Apr,11-May
480,gdd_pears,06-Apr,27-Oct,24-Apr,08-May
480,gdd_pecans,06-Apr,27-Oct,17-Apr,13-Jun
480,gdd_plums,06-Apr,27-Oct,18-Apr,06-May
481,gdd_almonds,08-Apr,23-Oct,02-Feb,28-Mar
481,gdd_apples,08-Apr,23-Oct,07-May,21-May
481,gdd_cherries,08-Apr,23-Oct,25-Apr,12-May
481,gdd_peaches,08-Apr,23-Oct,22-Apr,16-May
481,gdd_pears,08-Apr,23-Oct,29-Apr,13-May
481,gdd_pecans,08-Apr,23-Oct,23-Apr,20-Jun
481,gdd_plums,08-Apr,23-Oct,23-Apr,12-May
482,gdd_almonds,17-Apr,18-Oct,08-Feb,04-Apr
482,gdd_apples,17-Apr,18-Oct,14-May,28-May
482,gdd_cherries,17-Apr,18-Oct,02-May,19-May
482,gdd_peaches,17-Apr,18-Oct,30-Apr,22-May
482,gdd_pears,17-Apr,18-Oct,06-May,20-May
482,gdd_pecans,17-Apr,18-Oct,02-May,27-Jun
482,gdd_plums,17-Apr,18-Oct,30-Apr,18-May
483,gdd_almonds,24-Apr,15-Oct,11-Feb,07-Apr
483,gdd_apples,24-Apr,15-Oct,16-May,29-May
483,gdd_cherries,24-Apr,15-Oct,04-May,21-May
483,gdd_peaches,24-Apr,15-Oct,02-May,24-May
483,gdd_pears,24-Apr,15-Oct,07-May,22-May
483,gdd_pecans,24-Apr,15-Oct,03-May,27-Jun
483,gdd_plums,24-Apr,15-Oct,02-May,20-May
484,gdd_almonds,15-Apr,19-Oct,06-Feb,02-Apr
484,gdd_apples,15-Apr,19-Oct,10-May,24-May
484,gdd_cherries,15-Apr,19-Oct,29-Apr,15-May
484,gdd_peaches,15-Apr,19-Oct,26-Apr,18-May
484,gdd_pears,15-Apr,19-Oct,02-May,16-May
484,gdd_pecans,15-Apr,19-Oct,23-Apr,19-Jun
484,gdd_plums,15-Apr,19-Oct,27-Apr,14-May
485,gdd_almonds,02-Apr,09-Nov,26-Jan,21-Mar
485,gdd_apples,02-Apr,09-Nov,01-May,14-May
485,gdd_cherries,02-Apr,09-Nov,19-Apr,06-May
485,gdd_peaches,02-Apr,09-Nov,16-Apr,09-May
485,gdd_pears,02-Apr,09-Nov,23-Apr,07-May
485,gdd_pecans,02-Apr,09-Nov,14-Apr,10-Jun
485,gdd_plums,02-Apr,09-Nov,17-Apr,05-May
486,gdd_almonds,27-Feb,20-Dec,10-Jan,23-Feb
486,gdd_apples,27-Feb,20-Dec,21-Apr,07-May
486,gdd_cherries,27-Feb,20-Dec,06-Apr,26-Apr
486,gdd_peaches,27-Feb,20-Dec,03-Apr,01-May
486,gdd_pears,27-Feb,20-Dec,11-Apr,28-Apr
486,gdd_pecans,27-Feb,20-Dec,03-May,20-Jun
486,gdd_plums,27-Feb,20-Dec,04-Apr,25-Apr
499,gdd_almonds,NaT,NaT,05-Jan,25-Jan
499,gdd_apples,NaT,NaT,09-Mar,01-Apr
499,gdd_cherries,NaT,NaT,19-Feb,17-Mar
499,gdd_peaches,NaT,NaT,16-Feb,23-Mar
499,gdd_pears,NaT,NaT,24-Feb,19-Mar
499,gdd_pecans,NaT,NaT,20-Jun,
499,gdd_plums,NaT,NaT,17-Feb,16-Mar
500,gdd_almonds,02-Mar,30-Nov,09-Jan,09-Feb
500,gdd_apples,02-Mar,30-Nov,09-Apr,29-Apr
500,gdd_cherries,02-Mar,30-Nov,22-Mar,16-Apr
500,gdd_peaches,02-Mar,30-Nov,18-Mar,21-Apr
500,gdd_pears,02-Mar,30-Nov,28-Mar,18-Apr
500,gdd_pecans,02-Mar,30-Nov,02-May,02-Jul
500,gdd_plums,02-Mar,30-Nov,20-Mar,15-Apr
501,gdd_almonds,20-Apr,25-Oct,18-Jan,05-Mar
501,gdd_apples,20-Apr,25-Oct,26-Apr,12-May
501,gdd_cherries,20-Apr,25-Oct,11-Apr,02-May
501,gdd_peaches,20-Apr,25-Oct,08-Apr,07-May
501,gdd_pears,20-Apr,25-Oct,16-Apr,04-May
501,gdd_pecans,20-Apr,25-Oct,21-Apr,17-Jun
501,gdd_plums,20-Apr,25-Oct,09-Apr,01-May
502,gdd_almonds,20-Apr,26-Oct,26-Jan,12-Mar
502,gdd_apples,20-Apr,26-Oct,26-Apr,11-May
502,gdd_cherries,20-Apr,26-Oct,12-Apr,01-May
502,gdd_peaches,20-Apr,26-Oct,10-Apr,05-May
502,gdd_pears,20-Apr,26-Oct,17-Apr,03-May
502,gdd_pecans,20-Apr,26-Oct,16-Apr,10-Jun
502,gdd_plums,20-Apr,26-Oct,11-Apr,30-Apr
503,gdd_almonds,08-Apr,29-Oct,31-Jan,14-Mar
503,gdd_apples,08-Apr,29-Oct,24-Apr,08-May
503,gdd_cherries,08-Apr,29-Oct,12-Apr,29-Apr
503,gdd_peaches,08-Apr,29-Oct,10-Apr,03-May
503,gdd_pears,08-Apr,29-Oct,15-Apr,30-Apr
503,gdd_pecans,08-Apr,29-Oct,13-Apr,03-Jun
503,gdd_plums,08-Apr,29-Oct,10-Apr,28-Apr
504,gdd_almonds,01-May,26-Oct,11-Feb,22-Mar
504,gdd_apples,01-May,26-Oct,01-May,14-May
504,gdd_cherries,01-May,26-Oct,20-Apr,06-May
504,gdd_peaches,01-May,26-Oct,17-Apr,09-May
504,gdd_pears,01-May,26-Oct,23-Apr,07-May
504,gdd_pecans,01-May,26-Oct,20-Apr,07-Jun
504,gdd_plums,01-May,26-Oct,18-Apr,05-May
505,gdd_almonds,21-May,12-Oct,09-Mar,14-Apr
505,gdd_apples,21-May,12-Oct,21-May,02-Jun
505,gdd_cherries,21-May,12-Oct,10-May,25-May
505,gdd_peaches,21-May,12-Oct,08-May,28-May
505,gdd_pears,21-May,12-Oct,14-May,26-May
505,gdd_pecans,21-May,12-Oct,11-May,24-Jun
505,gdd_plums,21-May,12-Oct,09-May,24-May
506,gdd_almonds,08-Jun,26-Sep,04-Apr,05-May
506,gdd_apples,08-Jun,26-Sep,07-Jun,18-Jun
506,gdd_cherries,08-Jun,26-Sep,28-May,11-Jun
506,gdd_peaches,08-Jun,26-Sep,26-May,14-Jun
506,gdd_pears,08-Jun,26-Sep,31-May,12-Jun
506,gdd_pecans,08-Jun,26-Sep,27-May,07-Jul
506,gdd_plums,08-Jun,26-Sep,26-May,10-Jun
507,gdd_almonds,30-May,28-Sep,06-Apr,06-May
507,gdd_apples,30-May,28-Sep,07-Jun,18-Jun
507,gdd_cherries,30-May,28-Sep,28-May,11-Jun
507,gdd_peaches,30-May,28-Sep,27-May,14-Jun
507,gdd_pears,30-May,28-Sep,31-May,12-Jun
507,gdd_pecans,30-May,28-Sep,27-May,07-Jul
507,gdd_plums,30-May,28-Sep,27-May,10-Jun
508,gdd_almonds,07-May,09-Oct,16-Mar,19-Apr
508,gdd_apples,07-May,09-Oct,24-May,04-Jun
508,gdd_cherries,07-May,09-Oct,13-May,28-May
508,gdd_peaches,07-May,09-Oct,11-May,31-May
508,gdd_pears,07-May,09-Oct,16-May,29-May
508,gdd_pecans,07-May,09-Oct,13-May,24-Jun
508,gdd_plums,07-May,09-Oct,12-May,27-May
509,gdd_almonds,22-Apr,17-Oct,12-Feb,26-Mar
509,gdd_apples,22-Apr,17-Oct,02-May,14-May
509,gdd_cherries,22-Apr,17-Oct,20-Apr,06-May
509,gdd_peaches,22-Apr,17-Oct,18-Apr,09-May
509,gdd_pears,22-Apr,17-Oct,24-Apr,07-May
509,gdd_pecans,22-Apr,17-Oct,14-Apr,04-Jun
509,gdd_plums,22-Apr,17-Oct,19-Apr,06-May
510,gdd_almonds,12-Apr,20-Oct,28-Jan,09-Mar
510,gdd_apples,12-Apr,20-Oct,16-Apr,29-Apr
510,gdd_cherries,12-Apr,20-Oct,04-Apr,20-Apr
510,gdd_peaches,12-Apr,20-Oct,02-Apr,24-Apr
510,gdd_pears,12-Apr,20-Oct,08-Apr,21-Apr
510,gdd_pecans,12-Apr,20-Oct,24-Mar,18-May
510,gdd_plums,12-Apr,20-Oct,03-Apr,20-Apr
511,gdd_almonds,06-Apr,26-Oct,24-Jan,05-Mar
511,gdd_apples,06-Apr,26-Oct,11-Apr,23-Apr
511,gdd_cherries,06-Apr,26-Oct,30-Mar,16-Apr
511,gdd_peaches,06-Apr,26-Oct,27-Mar,19-Apr
511,gdd_pears,06-Apr,26-Oct,03-Apr,17-Apr
511,gdd_pecans,06-Apr,26-Oct,18-Mar,13-May
511,gdd_plums,06-Apr,26-Oct,28-Mar,15-Apr
512,gdd_almonds,05-Apr,29-Oct,24-Jan,06-Mar
512,gdd_apples,05-Apr,29-Oct,12-Apr,25-Apr
512,gdd_cherries,05-Apr,29-Oct,30-Mar,16-Apr
512,gdd_peaches,05-Apr,29-Oct,28-Mar,20-Apr
512,gdd_pears,05-Apr,29-Oct,04-Apr,18-Apr
512,gdd_pecans,05-Apr,29-Oct,17-Mar,16-May
512,gdd_plums,05-Apr,29-Oct,29-Mar,16-Apr
513,gdd_almonds,06-Apr,26-Oct,25-Jan,10-Mar
513,gdd_apples,06-Apr,26-Oct,16-Apr,29-Apr
513,gdd_cherries,06-Apr,26-Oct,05-Apr,21-Apr
513,gdd_peaches,06-Apr,26-Oct,02-Apr,24-Apr
513,gdd_pears,06-Apr,26-Oct,08-Apr,22-Apr
513,gdd_pecans,06-Apr,26-Oct,25-Mar,23-May
513,gdd_plums,06-Apr,26-Oct,03-Apr,20-Apr
514,gdd_almonds,05-Apr,29-Oct,24-Jan,11-Mar
514,gdd_apples,05-Apr,29-Oct,19-Apr,02-May
514,gdd_cherries,05-Apr,29-Oct,07-Apr,23-Apr
514,gdd_peaches,05-Apr,29-Oct,04-Apr,27-Apr
514,gdd_pears,05-Apr,29-Oct,10-Apr,24-Apr
514,gdd_pecans,05-Apr,29-Oct,30-Mar,29-May
514,gdd_plums,05-Apr,29-Oct,06-Apr,23-Apr
515,gdd_almonds,04-Apr,27-Oct,22-Jan,10-Mar
515,gdd_apples,04-Apr,27-Oct,20-Apr,03-May
515,gdd_cherries,04-Apr,27-Oct,07-Apr,24-Apr
515,gdd_peaches,04-Apr,27-Oct,05-Apr,28-Apr
515,gdd_pears,04-Apr,27-Oct,11-Apr,25-Apr
515,gdd_pecans,04-Apr,27-Oct,31-Mar,31-May
515,gdd_plums,04-Apr,27-Oct,06-Apr,24-Apr
516,gdd_almonds,31-Mar,29-Oct,21-Jan,09-Mar
516,gdd_apples,31-Mar,29-Oct,18-Apr,02-May
516,gdd_cherries,31-Mar,29-Oct,06-Apr,23-Apr
516,gdd_peaches,31-Mar,29-Oct,03-Apr,27-Apr
516,gdd_pears,31-Mar,29-Oct,10-Apr,24-Apr
516,gdd_pecans,31-Mar,29-Oct,01-Apr,30-May
516,gdd_plums,31-Mar,29-Oct,04-Apr,23-Apr
517,gdd_almonds,27-Mar,31-Oct,21-Jan,10-Mar
517,gdd_apples,27-Mar,31-Oct,20-Apr,04-May
517,gdd_cherries,27-Mar,31-Oct,07-Apr,25-Apr
517,gdd_peaches,27-Mar,31-Oct,05-Apr,28-Apr
517,gdd_pears,27-Mar,31-Oct,10-Apr,26-Apr
517,gdd_pecans,27-Mar,31-Oct,04-Apr,02-Jun
517,gdd_plums,27-Mar,31-Oct,05-Apr,24-Apr
518,gdd_almonds,04-Apr,26-Oct,23-Jan,13-Mar
518,gdd_apples,04-Apr,26-Oct,25-Apr,09-May
518,gdd_cherries,04-Apr,26-Oct,11-Apr,30-Apr
518,gdd_peaches,04-Apr,26-Oct,09-Apr,03-May
518,gdd_pears,04-Apr,26-Oct,15-Apr,01-May
518,gdd_pecans,04-Apr,26-Oct,12-Apr,09-Jun
518,gdd_plums,04-Apr,26-Oct,10-Apr,29-Apr
519,gdd_almonds,09-Apr,20-Oct,27-Jan,19-Mar
519,gdd_apples,09-Apr,20-Oct,30-Apr,14-May
519,gdd_cherries,09-Apr,20-Oct,17-Apr,05-May
519,gdd_peaches,09-Apr,20-Oct,14-Apr,09-May
519,gdd_pears,09-Apr,20-Oct,21-Apr,06-May
519,gdd_pecans,09-Apr,20-Oct,21-Apr,17-Jun
519,gdd_plums,09-Apr,20-Oct,15-Apr,05-May
520,gdd_almonds,13-Apr,22-Oct,25-Jan,19-Mar
520,gdd_apples,13-Apr,22-Oct,01-May,15-May
520,gdd_cherries,13-Apr,22-Oct,18-Apr,06-May
520,gdd_peaches,13-Apr,22-Oct,15-Apr,10-May
520,gdd_pears,13-Apr,22-Oct,21-Apr,07-May
520,gdd_pecans,13-Apr,22-Oct,20-Apr,17-Jun
520,gdd_plums,13-Apr,22-Oct,16-Apr,05-May
521,gdd_almonds,07-Apr,28-Oct,21-Jan,12-Mar
521,gdd_apples,07-Apr,28-Oct,25-Apr,09-May
521,gdd_cherries,07-Apr,28-Oct,12-Apr,30-Apr
521,gdd_peaches,07-Apr,28-Oct,09-Apr,04-May
521,gdd_pears,07-Apr,28-Oct,16-Apr,02-May
521,gdd_pecans,07-Apr,28-Oct,11-Apr,10-Jun
521,gdd_plums,07-Apr,28-Oct,10-Apr,30-Apr
522,gdd_almonds,23-Mar,14-Nov,12-Jan,28-Feb
522,gdd_apples,23-Mar,14-Nov,15-Apr,29-Apr
522,gdd_cherries,23-Mar,14-Nov,02-Apr,20-Apr
522,gdd_peaches,23-Mar,14-Nov,30-Mar,24-Apr
522,gdd_pears,23-Mar,14-Nov,05-Apr,21-Apr
522,gdd_pecans,23-Mar,14-Nov,29-Mar,01-Jun
522,gdd_plums,23-Mar,14-Nov,31-Mar,19-Apr
523,gdd_almonds,11-Mar,04-Dec,09-Jan,13-Feb
523,gdd_apples,11-Mar,04-Dec,02-Apr,17-Apr
523,gdd_cherries,11-Mar,04-Dec,17-Mar,07-Apr
523,gdd_peaches,11-Mar,04-Dec,14-Mar,11-Apr
523,gdd_pears,11-Mar,04-Dec,22-Mar,08-Apr
523,gdd_pecans,11-Mar,04-Dec,04-Mar,24-May
523,gdd_plums,11-Mar,04-Dec,15-Mar,06-Apr
524,gdd_almonds,24-Jan,17-Jan,05-Jan,25-Jan
524,gdd_apples,24-Jan,17-Jan,06-Mar,25-Mar
524,gdd_cherries,24-Jan,17-Jan,18-Feb,13-Mar
524,gdd_peaches,24-Jan,17-Jan,16-Feb,17-Mar
524,gdd_pears,24-Jan,17-Jan,23-Feb,14-Mar
524,gdd_pecans,24-Jan,17-Jan,05-Feb,18-May
524,gdd_plums,24-Jan,17-Jan,17-Feb,12-Mar
538,gdd_almonds,NaT,NaT,04-Jan,22-Jan
538,gdd_apples,NaT,NaT,02-Mar,24-Mar
538,gdd_cherries,NaT,NaT,13-Feb,09-Mar
538,gdd_peaches,NaT,NaT,10-Feb,15-Mar
538,gdd_pears,NaT,NaT,18-Feb,11-Mar
538,gdd_pecans,NaT,NaT,19-Jun,
538,gdd_plums,NaT,NaT,11-Feb,08-Mar
539,gdd_almonds,NaT,NaT,05-Jan,25-Jan
539,gdd_apples,NaT,NaT,12-Mar,02-Apr
539,gdd_cherries,NaT,NaT,22-Feb,19-Mar
539,gdd_peaches,NaT,NaT,18-Feb,25-Mar
539,gdd_pears,NaT,NaT,27-Feb,21-Mar
539,gdd_pecans,NaT,NaT,29-May,13-Aug
539,gdd_plums,NaT,NaT,20-Feb,18-Mar
540,gdd_almonds,24-Feb,22-Nov,07-Jan,01-Feb
540,gdd_apples,24-Feb,22-Nov,16-Mar,31-Mar
540,gdd_cherries,24-Feb,22-Nov,01-Mar,21-Mar
540,gdd_peaches,24-Feb,22-Nov,27-Feb,25-Mar
540,gdd_pears,24-Feb,22-Nov,05-Mar,22-Mar
540,gdd_pecans,24-Feb,22-Nov,17-Mar,22-May
540,gdd_plums,24-Feb,22-Nov,27-Feb,20-Mar
541,gdd_almonds,06-Mar,14-Nov,09-Jan,04-Feb
541,gdd_apples,06-Mar,14-Nov,18-Mar,02-Apr
541,gdd_cherries,06-Mar,14-Nov,05-Mar,23-Mar
541,gdd_peaches,06-Mar,14-Nov,02-Mar,27-Mar
541,gdd_pears,06-Mar,14-Nov,09-Mar,25-Mar
541,gdd_pecans,06-Mar,14-Nov,13-Mar,11-May
541,gdd_plums,06-Mar,14-Nov,03-Mar,22-Mar
542,gdd_almonds,31-Mar,09-Nov,12-Jan,15-Feb
542,gdd_apples,31-Mar,09-Nov,31-Mar,15-Apr
542,gdd_cherries,31-Mar,09-Nov,18-Mar,05-Apr
542,gdd_peaches,31-Mar,09-Nov,16-Mar,09-Apr
542,gdd_pears,31-Mar,09-Nov,22-Mar,07-Apr
542,gdd_pecans,31-Mar,09-Nov,24-Mar,20-May
542,gdd_plums,31-Mar,09-Nov,17-Mar,05-Apr
543,gdd_almonds,09-May,27-Oct,27-Jan,12-Mar
543,gdd_apples,09-May,27-Oct,26-Apr,09-May
543,gdd_cherries,09-May,27-Oct,13-Apr,01-May
543,gdd_peaches,09-May,27-Oct,11-Apr,04-May
543,gdd_pears,09-May,27-Oct,17-Apr,02-May
543,gdd_pecans,09-May,27-Oct,20-Apr,06-Jun
543,gdd_plums,09-May,27-Oct,11-Apr,30-Apr
544,gdd_almonds,25-May,13-Oct,27-Feb,05-Apr
544,gdd_apples,25-May,13-Oct,15-May,27-May
544,gdd_cherries,25-May,13-Oct,04-May,19-May
544,gdd_peaches,25-May,13-Oct,02-May,22-May
544,gdd_pears,25-May,13-Oct,08-May,20-May
544,gdd_pecans,25-May,13-Oct,08-May,19-Jun
544,gdd_plums,25-May,13-Oct,03-May,19-May
545,gdd_almonds,16-May,09-Oct,23-Feb,02-Apr
545,gdd_apples,16-May,09-Oct,11-May,23-May
545,gdd_cherries,16-May,09-Oct,30-Apr,15-May
545,gdd_peaches,16-May,09-Oct,28-Apr,18-May
545,gdd_pears,16-May,09-Oct,03-May,16-May
545,gdd_pecans,16-May,09-Oct,02-May,14-Jun
545,gdd_plums,16-May,09-Oct,28-Apr,14-May
546,gdd_almonds,22-Apr,23-Oct,02-Feb,14-Mar
546,gdd_apples,22-Apr,23-Oct,23-Apr,05-May
546,gdd_cherries,22-Apr,23-Oct,11-Apr,27-Apr
546,gdd_peaches,22-Apr,23-Oct,09-Apr,01-May
546,gdd_pears,22-Apr,23-Oct,15-Apr,28-Apr
546,gdd_pecans,22-Apr,23-Oct,11-Apr,30-May
546,gdd_plums,22-Apr,23-Oct,10-Apr,27-Apr
547,gdd_almonds,14-Apr,23-Oct,24-Jan,03-Mar
547,gdd_apples,14-Apr,23-Oct,11-Apr,24-Apr
547,gdd_cherries,14-Apr,23-Oct,29-Mar,15-Apr
547,gdd_peaches,14-Apr,23-Oct,27-Mar,18-Apr
547,gdd_pears,14-Apr,23-Oct,02-Apr,16-Apr
547,gdd_pecans,14-Apr,23-Oct,25-Mar,17-May
547,gdd_plums,14-Apr,23-Oct,28-Mar,15-Apr
548,gdd_almonds,13-Apr,23-Oct,20-Jan,27-Feb
548,gdd_apples,13-Apr,23-Oct,05-Apr,18-Apr
548,gdd_cherries,13-Apr,23-Oct,24-Mar,10-Apr
548,gdd_peaches,13-Apr,23-Oct,21-Mar,13-Apr
548,gdd_pears,13-Apr,23-Oct,27-Mar,11-Apr
548,gdd_pecans,13-Apr,23-Oct,16-Mar,10-May
548,gdd_plums,13-Apr,23-Oct,22-Mar,09-Apr
549,gdd_almonds,09-Apr,27-Oct,19-Jan,24-Feb
549,gdd_apples,09-Apr,27-Oct,01-Apr,15-Apr
549,gdd_cherries,09-Apr,27-Oct,21-Mar,06-Apr
549,gdd_peaches,09-Apr,27-Oct,18-Mar,10-Apr
549,gdd_pears,09-Apr,27-Oct,24-Mar,08-Apr
549,gdd_pecans,09-Apr,27-Oct,10-Mar,08-May
549,gdd_plums,09-Apr,27-Oct,19-Mar,06-Apr
550,gdd_almonds,01-Apr,04-Nov,17-Jan,21-Feb
550,gdd_apples,01-Apr,04-Nov,30-Mar,13-Apr
550,gdd_cherries,01-Apr,04-Nov,18-Mar,04-Apr
550,gdd_peaches,01-Apr,04-Nov,16-Mar,07-Apr
550,gdd_pears,01-Apr,04-Nov,21-Mar,05-Apr
550,gdd_pecans,01-Apr,04-Nov,06-Mar,06-May
550,gdd_plums,01-Apr,04-Nov,17-Mar,03-Apr
551,gdd_almonds,30-Mar,03-Nov,17-Jan,21-Feb
551,gdd_apples,30-Mar,03-Nov,31-Mar,14-Apr
551,gdd_cherries,30-Mar,03-Nov,19-Mar,06-Apr
551,gdd_peaches,30-Mar,03-Nov,17-Mar,09-Apr
551,gdd_pears,30-Mar,03-Nov,23-Mar,07-Apr
551,gdd_pecans,30-Mar,03-Nov,06-Mar,10-May
551,gdd_plums,30-Mar,03-Nov,18-Mar,05-Apr
552,gdd_almonds,03-Apr,03-Nov,16-Jan,23-Feb
552,gdd_apples,03-Apr,03-Nov,04-Apr,18-Apr
552,gdd_cherries,03-Apr,03-Nov,22-Mar,09-Apr
552,gdd_peaches,03-Apr,03-Nov,20-Mar,12-Apr
552,gdd_pears,03-Apr,03-Nov,26-Mar,10-Apr
552,gdd_pecans,03-Apr,03-Nov,13-Mar,16-May
552,gdd_plums,03-Apr,03-Nov,21-Mar,08-Apr
553,gdd_almonds,02-Apr,29-Oct,16-Jan,23-Feb
553,gdd_apples,02-Apr,29-Oct,06-Apr,20-Apr
553,gdd_cherries,02-Apr,29-Oct,23-Mar,10-Apr
553,gdd_peaches,02-Apr,29-Oct,21-Mar,14-Apr
553,gdd_pears,02-Apr,29-Oct,27-Mar,11-Apr
553,gdd_pecans,02-Apr,29-Oct,13-Mar,18-May
553,gdd_plums,02-Apr,29-Oct,22-Mar,09-Apr
554,gdd_almonds,31-Mar,28-Oct,14-Jan,20-Feb
554,gdd_apples,31-Mar,28-Oct,04-Apr,18-Apr
554,gdd_cherries,31-Mar,28-Oct,21-Mar,09-Apr
554,gdd_peaches,31-Mar,28-Oct,18-Mar,12-Apr
554,gdd_pears,31-Mar,28-Oct,25-Mar,10-Apr
554,gdd_pecans,31-Mar,28-Oct,11-Mar,18-May
554,gdd_plums,31-Mar,28-Oct,19-Mar,08-Apr
555,gdd_almonds,26-Mar,30-Oct,14-Jan,20-Feb
555,gdd_apples,26-Mar,30-Oct,05-Apr,19-Apr
555,gdd_cherries,26-Mar,30-Oct,22-Mar,10-Apr
555,gdd_peaches,26-Mar,30-Oct,19-Mar,13-Apr
555,gdd_pears,26-Mar,30-Oct,26-Mar,11-Apr
555,gdd_pecans,26-Mar,30-Oct,13-Mar,21-May
555,gdd_plums,26-Mar,30-Oct,20-Mar,09-Apr
556,gdd_almonds,03-Apr,27-Oct,15-Jan,25-Feb
556,gdd_apples,03-Apr,27-Oct,10-Apr,26-Apr
556,gdd_cherries,03-Apr,27-Oct,28-Mar,16-Apr
556,gdd_peaches,03-Apr,27-Oct,25-Mar,20-Apr
556,gdd_pears,03-Apr,27-Oct,01-Apr,17-Apr
556,gdd_pecans,03-Apr,27-Oct,28-Mar,30-May
556,gdd_plums,03-Apr,27-Oct,26-Mar,15-Apr
557,gdd_almonds,06-Apr,24-Oct,16-Jan,28-Feb
557,gdd_apples,06-Apr,24-Oct,14-Apr,29-Apr
557,gdd_cherries,06-Apr,24-Oct,31-Mar,19-Apr
557,gdd_peaches,06-Apr,24-Oct,29-Mar,23-Apr
557,gdd_pears,06-Apr,24-Oct,04-Apr,21-Apr
557,gdd_pecans,06-Apr,24-Oct,05-Apr,04-Jun
557,gdd_plums,06-Apr,24-Oct,30-Mar,19-Apr
558,gdd_almonds,23-Mar,03-Nov,12-Jan,20-Feb
558,gdd_apples,23-Mar,03-Nov,07-Apr,23-Apr
558,gdd_cherries,23-Mar,03-Nov,25-Mar,13-Apr
558,gdd_peaches,23-Mar,03-Nov,22-Mar,17-Apr
558,gdd_pears,23-Mar,03-Nov,29-Mar,14-Apr
558,gdd_pecans,23-Mar,03-Nov,24-Mar,30-May
558,gdd_plums,23-Mar,03-Nov,23-Mar,12-Apr
559,gdd_almonds,03-Mar,05-Dec,08-Jan,07-Feb
559,gdd_apples,03-Mar,05-Dec,23-Mar,08-Apr
559,gdd_cherries,03-Mar,05-Dec,07-Mar,29-Mar
559,gdd_peaches,03-Mar,05-Dec,04-Mar,02-Apr
559,gdd_pears,03-Mar,05-Dec,12-Mar,30-Mar
559,gdd_pecans,03-Mar,05-Dec,20-Feb,18-May
559,gdd_plums,03-Mar,05-Dec,05-Mar,28-Mar
560,gdd_almonds,25-Jan,20-Jan,04-Jan,21-Jan
560,gdd_apples,25-Jan,20-Jan,23-Feb,11-Mar
560,gdd_cherries,25-Jan,20-Jan,10-Feb,28-Feb
560,gdd_peaches,25-Jan,20-Jan,08-Feb,05-Mar
560,gdd_pears,25-Jan,20-Jan,14-Feb,02-Mar
560,gdd_pecans,25-Jan,20-Jan,18-Jan,25-Apr
560,gdd_plums,25-Jan,20-Jan,09-Feb,27-Feb
579,gdd_almonds,26-Feb,17-Nov,06-Jan,27-Jan
579,gdd_apples,26-Feb,17-Nov,04-Mar,19-Mar
579,gdd_cherries,26-Feb,17-Nov,19-Feb,09-Mar
579,gdd_peaches,26-Feb,17-Nov,16-Feb,13-Mar
579,gdd_pears,26-Feb,17-Nov,23-Feb,10-Mar
579,gdd_pecans,26-Feb,17-Nov,25-Feb,03-May
579,gdd_plums,26-Feb,17-Nov,17-Feb,09-Mar
580,gdd_almonds,25-Mar,14-Nov,07-Jan,30-Jan
580,gdd_apples,25-Mar,14-Nov,09-Mar,24-Mar
580,gdd_cherries,25-Mar,14-Nov,24-Feb,14-Mar
580,gdd_peaches,25-Mar,14-Nov,22-Feb,18-Mar
580,gdd_pears,25-Mar,14-Nov,28-Feb,15-Mar
580,gdd_pecans,25-Mar,14-Nov,27-Feb,03-May
580,gdd_plums,25-Mar,14-Nov,23-Feb,14-Mar
581,gdd_almonds,18-Apr,11-Nov,09-Jan,10-Feb
581,gdd_apples,18-Apr,11-Nov,27-Mar,11-Apr
581,gdd_cherries,18-Apr,11-Nov,13-Mar,01-Apr
581,gdd_peaches,18-Apr,11-Nov,10-Mar,05-Apr
581,gdd_pears,18-Apr,11-Nov,17-Mar,02-Apr
581,gdd_pecans,18-Apr,11-Nov,25-Mar,20-May
581,gdd_plums,18-Apr,11-Nov,11-Mar,31-Mar
582,gdd_almonds,10-May,30-Oct,20-Jan,03-Mar
582,gdd_apples,10-May,30-Oct,18-Apr,02-May
582,gdd_cherries,10-May,30-Oct,04-Apr,23-Apr
582,gdd_peaches,10-May,30-Oct,02-Apr,27-Apr
582,gdd_pears,10-May,30-Oct,08-Apr,24-Apr
582,gdd_pecans,10-May,30-Oct,16-Apr,04-Jun
582,gdd_plums,10-May,30-Oct,03-Apr,22-Apr
583,gdd_almonds,01-May,26-Oct,26-Jan,06-Mar
583,gdd_apples,01-May,26-Oct,18-Apr,02-May
583,gdd_cherries,01-May,26-Oct,05-Apr,23-Apr
583,gdd_peaches,01-May,26-Oct,03-Apr,27-Apr
583,gdd_pears,01-May,26-Oct,09-Apr,24-Apr
583,gdd_pecans,01-May,26-Oct,12-Apr,30-May
583,gdd_plums,01-May,26-Oct,04-Apr,22-Apr
584,gdd_almonds,12-Apr,31-Oct,17-Jan,22-Feb
584,gdd_apples,12-Apr,31-Oct,02-Apr,16-Apr
584,gdd_cherries,12-Apr,31-Oct,21-Mar,07-Apr
584,gdd_peaches,12-Apr,31-Oct,19-Mar,11-Apr
584,gdd_pears,12-Apr,31-Oct,25-Mar,08-Apr
584,gdd_pecans,12-Apr,31-Oct,24-Mar,14-May
584,gdd_plums,12-Apr,31-Oct,19-Mar,06-Apr
585,gdd_almonds,11-Apr,06-Nov,13-Jan,15-Feb
585,gdd_apples,11-Apr,06-Nov,24-Mar,07-Apr
585,gdd_cherries,11-Apr,06-Nov,12-Mar,29-Mar
585,gdd_peaches,11-Apr,06-Nov,10-Mar,01-Apr
585,gdd_pears,11-Apr,06-Nov,16-Mar,30-Mar
585,gdd_pecans,11-Apr,06-Nov,09-Mar,03-May
585,gdd_plums,11-Apr,06-Nov,11-Mar,28-Mar
586,gdd_almonds,07-Apr,02-Nov,14-Jan,15-Feb
586,gdd_apples,07-Apr,02-Nov,23-Mar,06-Apr
586,gdd_cherries,07-Apr,02-Nov,12-Mar,28-Mar
586,gdd_peaches,07-Apr,02-Nov,10-Mar,31-Mar
586,gdd_pears,07-Apr,02-Nov,15-Mar,29-Mar
586,gdd_pecans,07-Apr,02-Nov,03-Mar,30-Apr
586,gdd_plums,07-Apr,02-Nov,11-Mar,27-Mar
587,gdd_almonds,04-Apr,05-Nov,14-Jan,15-Feb
587,gdd_apples,04-Apr,05-Nov,22-Mar,06-Apr
587,gdd_cherries,04-Apr,05-Nov,11-Mar,27-Mar
587,gdd_peaches,04-Apr,05-Nov,09-Mar,31-Mar
587,gdd_pears,04-Apr,05-Nov,15-Mar,28-Mar
587,gdd_pecans,04-Apr,05-Nov,27-Feb,30-Apr
587,gdd_plums,04-Apr,05-Nov,10-Mar,27-Mar
588,gdd_almonds,23-Mar,06-Nov,12-Jan,10-Feb
588,gdd_apples,23-Mar,06-Nov,19-Mar,01-Apr
588,gdd_cherries,23-Mar,06-Nov,06-Mar,23-Mar
588,gdd_peaches,23-Mar,06-Nov,04-Mar,27-Mar
588,gdd_pears,23-Mar,06-Nov,11-Mar,24-Mar
588,gdd_pecans,23-Mar,06-Nov,17-Feb,27-Apr
588,gdd_plums,23-Mar,06-Nov,05-Mar,22-Mar
589,gdd_almonds,13-Mar,13-Nov,10-Jan,07-Feb
589,gdd_apples,13-Mar,13-Nov,16-Mar,30-Mar
589,gdd_cherries,13-Mar,13-Nov,03-Mar,21-Mar
589,gdd_peaches,13-Mar,13-Nov,01-Mar,24-Mar
589,gdd_pears,13-Mar,13-Nov,07-Mar,22-Mar
589,gdd_pecans,13-Mar,13-Nov,11-Feb,27-Apr
589,gdd_plums,13-Mar,13-Nov,01-Mar,20-Mar
590,gdd_almonds,04-Mar,26-Nov,09-Jan,07-Feb
590,gdd_apples,04-Mar,26-Nov,17-Mar,01-Apr
590,gdd_cherries,04-Mar,26-Nov,04-Mar,22-Mar
590,gdd_peaches,04-Mar,26-Nov,02-Mar,26-Mar
590,gdd_pears,04-Mar,26-Nov,09-Mar,24-Mar
590,gdd_pecans,04-Mar,26-Nov,17-Feb,03-May
590,gdd_plums,04-Mar,26-Nov,02-Mar,22-Mar
591,gdd_almonds,09-Mar,27-Nov,09-Jan,06-Feb
591,gdd_apples,09-Mar,27-Nov,19-Mar,03-Apr
591,gdd_cherries,09-Mar,27-Nov,05-Mar,24-Mar
591,gdd_peaches,09-Mar,27-Nov,02-Mar,28-Mar
591,gdd_pears,09-Mar,27-Nov,09-Mar,25-Mar
591,gdd_pecans,09-Mar,27-Nov,20-Feb,07-May
591,gdd_plums,09-Mar,27-Nov,03-Mar,23-Mar
592,gdd_almonds,08-Mar,29-Nov,08-Jan,05-Feb
592,gdd_apples,08-Mar,29-Nov,17-Mar,02-Apr
592,gdd_cherries,08-Mar,29-Nov,02-Mar,22-Mar
592,gdd_peaches,08-Mar,29-Nov,28-Feb,27-Mar
592,gdd_pears,08-Mar,29-Nov,07-Mar,24-Mar
592,gdd_pecans,08-Mar,29-Nov,15-Feb,06-May
592,gdd_plums,08-Mar,29-Nov,01-Mar,21-Mar
593,gdd_almonds,03-Mar,03-Dec,08-Jan,03-Feb
593,gdd_apples,03-Mar,03-Dec,15-Mar,31-Mar
593,gdd_cherries,03-Mar,03-Dec,01-Mar,21-Mar
593,gdd_peaches,03-Mar,03-Dec,26-Feb,25-Mar
593,gdd_pears,03-Mar,03-Dec,05-Mar,22-Mar
593,gdd_pecans,03-Mar,03-Dec,07-Feb,07-May
593,gdd_plums,03-Mar,03-Dec,27-Feb,20-Mar
594,gdd_almonds,02-Mar,26-Nov,08-Jan,06-Feb
594,gdd_apples,02-Mar,26-Nov,18-Mar,03-Apr
594,gdd_cherries,02-Mar,26-Nov,03-Mar,24-Mar
594,gdd_peaches,02-Mar,26-Nov,01-Mar,28-Mar
594,gdd_pears,02-Mar,26-Nov,07-Mar,25-Mar
594,gdd_pecans,02-Mar,26-Nov,12-Feb,12-May
594,gdd_plums,02-Mar,26-Nov,02-Mar,23-Mar
595,gdd_almonds,07-Mar,25-Nov,08-Jan,06-Feb
595,gdd_apples,07-Mar,25-Nov,19-Mar,04-Apr
595,gdd_cherries,07-Mar,25-Nov,04-Mar,25-Mar
595,gdd_peaches,07-Mar,25-Nov,01-Mar,29-Mar
595,gdd_pears,07-Mar,25-Nov,08-Mar,26-Mar
595,gdd_pecans,07-Mar,25-Nov,16-Feb,13-May
595,gdd_plums,07-Mar,25-Nov,02-Mar,24-Mar
596,gdd_almonds,19-Feb,10-Dec,06-Jan,28-Jan
596,gdd_apples,19-Feb,10-Dec,07-Mar,24-Mar
596,gdd_cherries,19-Feb,10-Dec,21-Feb,13-Mar
596,gdd_peaches,19-Feb,10-Dec,19-Feb,17-Mar
596,gdd_pears,19-Feb,10-Dec,25-Feb,14-Mar
596,gdd_pecans,19-Feb,10-Dec,30-Jan,03-May
596,gdd_plums,19-Feb,10-Dec,20-Feb,12-Mar
597,gdd_almonds,24-Jan,15-Jan,04-Jan,17-Jan
597,gdd_apples,24-Jan,15-Jan,13-Feb,27-Feb
597,gdd_cherries,24-Jan,15-Jan,02-Feb,18-Feb
597,gdd_peaches,24-Jan,15-Jan,31-Jan,21-Feb
597,gdd_pears,24-Jan,15-Jan,05-Feb,19-Feb
597,gdd_pecans,24-Jan,15-Jan,11-Jan,04-Apr
597,gdd_plums,24-Jan,15-Jan,31-Jan,17-Feb
622,gdd_almonds,09-Apr,04-Nov,13-Jan,15-Feb
622,gdd_apples,09-Apr,04-Nov,27-Mar,11-Apr
622,gdd_cherries,09-Apr,04-Nov,15-Mar,01-Apr
622,gdd_peaches,09-Apr,04-Nov,12-Mar,05-Apr
622,gdd_pears,09-Apr,04-Nov,18-Mar,03-Apr
622,gdd_pecans,09-Apr,04-Nov,22-Mar,13-May
622,gdd_plums,09-Apr,04-Nov,13-Mar,01-Apr
623,gdd_almonds,21-Mar,13-Nov,09-Jan,05-Feb
623,gdd_apples,21-Mar,13-Nov,13-Mar,27-Mar
623,gdd_cherries,21-Mar,13-Nov,01-Mar,18-Mar
623,gdd_peaches,21-Mar,13-Nov,27-Feb,22-Mar
623,gdd_pears,21-Mar,13-Nov,05-Mar,19-Mar
623,gdd_pecans,21-Mar,13-Nov,24-Feb,25-Apr
623,gdd_plums,21-Mar,13-Nov,28-Feb,17-Mar
624,gdd_almonds,16-Mar,17-Nov,09-Jan,02-Feb
624,gdd_apples,16-Mar,17-Nov,08-Mar,21-Mar
624,gdd_cherries,16-Mar,17-Nov,24-Feb,13-Mar
624,gdd_peaches,16-Mar,17-Nov,21-Feb,16-Mar
624,gdd_pears,16-Mar,17-Nov,27-Feb,14-Mar
624,gdd_pecans,16-Mar,17-Nov,11-Feb,14-Apr
624,gdd_plums,16-Mar,17-Nov,22-Feb,12-Mar
625,gdd_almonds,15-Mar,10-Nov,08-Jan,02-Feb
625,gdd_apples,15-Mar,10-Nov,07-Mar,20-Mar
625,gdd_cherries,15-Mar,10-Nov,22-Feb,12-Mar
625,gdd_peaches,15-Mar,10-Nov,21-Feb,15-Mar
625,gdd_pears,15-Mar,10-Nov,26-Feb,13-Mar
625,gdd_pecans,15-Mar,10-Nov,04-Feb,13-Apr
625,gdd_plums,15-Mar,10-Nov,21-Feb,11-Mar
626,gdd_almonds,07-Mar,18-Nov,07-Jan,29-Jan
626,gdd_apples,07-Mar,18-Nov,03-Mar,17-Mar
626,gdd_cherries,07-Mar,18-Nov,19-Feb,08-Mar
626,gdd_peaches,07-Mar,18-Nov,17-Feb,12-Mar
626,gdd_pears,07-Mar,18-Nov,22-Feb,09-Mar
626,gdd_pecans,07-Mar,18-Nov,25-Jan,12-Apr
626,gdd_plums,07-Mar,18-Nov,17-Feb,07-Mar
627,gdd_almonds,03-Feb,09-Dec,06-Jan,25-Jan
627,gdd_apples,03-Feb,09-Dec,25-Feb,12-Mar
627,gdd_cherries,03-Feb,09-Dec,13-Feb,02-Mar
627,gdd_peaches,03-Feb,09-Dec,11-Feb,06-Mar
627,gdd_pears,03-Feb,09-Dec,17-Feb,04-Mar
627,gdd_pecans,03-Feb,09-Dec,23-Jan,12-Apr
627,gdd_plums,03-Feb,09-Dec,12-Feb,01-Mar
628,gdd_almonds,24-Dec,24-Dec,04-Jan,19-Jan
628,gdd_apples,24-Dec,24-Dec,17-Feb,04-Mar
628,gdd_cherries,24-Dec,24-Dec,06-Feb,22-Feb
628,gdd_peaches,24-Dec,24-Dec,03-Feb,26-Feb
628,gdd_pears,24-Dec,24-Dec,09-Feb,24-Feb
628,gdd_pecans,24-Dec,24-Dec,18-Jan,14-Apr
628,gdd_plums,24-Dec,24-Dec,04-Feb,22-Feb
629,gdd_almonds,22-Oct,22-Dec,04-Jan,19-Jan
629,gdd_apples,22-Oct,22-Dec,17-Feb,04-Mar
629,gdd_cherries,22-Oct,22-Dec,05-Feb,22-Feb
629,gdd_peaches,22-Oct,22-Dec,03-Feb,26-Feb
629,gdd_pears,22-Oct,22-Dec,09-Feb,23-Feb
629,gdd_pecans,22-Oct,22-Dec,19-Jan,17-Apr
629,gdd_plums,22-Oct,22-Dec,04-Feb,22-Feb
630,gdd_almonds,24-Dec,30-Dec,04-Jan,19-Jan
630,gdd_apples,24-Dec,30-Dec,17-Feb,04-Mar
630,gdd_cherries,24-Dec,30-Dec,05-Feb,22-Feb
630,gdd_peaches,24-Dec,30-Dec,03-Feb,25-Feb
630,gdd_pears,24-Dec,30-Dec,08-Feb,23-Feb
630,gdd_pecans,24-Dec,30-Dec,16-Jan,15-Apr
630,gdd_plums,24-Dec,30-Dec,04-Feb,21-Feb
631,gdd_almonds,24-Dec,30-Dec,04-Jan,18-Jan
631,gdd_apples,24-Dec,30-Dec,15-Feb,01-Mar
631,gdd_cherries,24-Dec,30-Dec,03-Feb,20-Feb
631,gdd_peaches,24-Dec,30-Dec,01-Feb,23-Feb
631,gdd_pears,24-Dec,30-Dec,07-Feb,21-Feb
631,gdd_pecans,24-Dec,30-Dec,13-Jan,10-Apr
631,gdd_plums,24-Dec,30-Dec,02-Feb,19-Feb
632,gdd_almonds,24-Dec,08-Jan,04-Jan,18-Jan
632,gdd_apples,24-Dec,08-Jan,15-Feb,01-Mar
632,gdd_cherries,24-Dec,08-Jan,03-Feb,20-Feb
632,gdd_peaches,24-Dec,08-Jan,01-Feb,23-Feb
632,gdd_pears,24-Dec,08-Jan,07-Feb,21-Feb
632,gdd_pecans,24-Dec,08-Jan,13-Jan,10-Apr
632,gdd_plums,24-Dec,08-Jan,02-Feb,19-Feb
633,gdd_almonds,11-Jan,09-Jan,04-Jan,18-Jan
633,gdd_apples,11-Jan,09-Jan,16-Feb,02-Mar
633,gdd_cherries,11-Jan,09-Jan,04-Feb,20-Feb
633,gdd_peaches,11-Jan,09-Jan,02-Feb,24-Feb
633,gdd_pears,11-Jan,09-Jan,07-Feb,22-Feb
633,gdd_pecans,11-Jan,09-Jan,13-Jan,11-Apr
633,gdd_plums,11-Jan,09-Jan,03-Feb,20-Feb
634,gdd_almonds,25-Jan,05-Jan,04-Jan,20-Jan
634,gdd_apples,25-Jan,05-Jan,17-Feb,03-Mar
634,gdd_cherries,25-Jan,05-Jan,06-Feb,22-Feb
634,gdd_peaches,25-Jan,05-Jan,03-Feb,25-Feb
634,gdd_pears,25-Jan,05-Jan,09-Feb,23-Feb
634,gdd_pecans,25-Jan,05-Jan,13-Jan,04-Apr
634,gdd_plums,25-Jan,05-Jan,04-Feb,21-Feb
635,gdd_almonds,NaT,NaT,03-Jan,15-Jan
635,gdd_apples,NaT,NaT,04-Feb,17-Feb
635,gdd_cherries,NaT,NaT,26-Jan,09-Feb
635,gdd_peaches,NaT,NaT,24-Jan,12-Feb
635,gdd_pears,NaT,NaT,29-Jan,10-Feb
635,gdd_pecans,NaT,NaT,05-Jan,05-Mar
635,gdd_plums,NaT,NaT,25-Jan,08-Feb
663,gdd_almonds,05-Mar,17-Nov,06-Jan,24-Jan
663,gdd_apples,05-Mar,17-Nov,21-Feb,06-Mar
663,gdd_cherries,05-Mar,17-Nov,10-Feb,25-Feb
663,gdd_peaches,05-Mar,17-Nov,08-Feb,01-Mar
663,gdd_pears,05-Mar,17-Nov,14-Feb,26-Feb
663,gdd_pecans,05-Mar,17-Nov,19-Jan,25-Mar
663,gdd_plums,05-Mar,17-Nov,09-Feb,25-Feb
664,gdd_almonds,06-Feb,10-Dec,05-Jan,21-Jan
664,gdd_apples,06-Feb,10-Dec,17-Feb,01-Mar
664,gdd_cherries,06-Feb,10-Dec,06-Feb,21-Feb
664,gdd_peaches,06-Feb,10-Dec,04-Feb,24-Feb
664,gdd_pears,06-Feb,10-Dec,09-Feb,22-Feb
664,gdd_pecans,06-Feb,10-Dec,13-Jan,23-Mar
664,gdd_plums,06-Feb,10-Dec,04-Feb,20-Feb
665,gdd_almonds,23-Dec,23-Dec,03-Jan,15-Jan
665,gdd_apples,23-Dec,23-Dec,07-Feb,19-Feb
665,gdd_cherries,23-Dec,23-Dec,28-Jan,11-Feb
665,gdd_peaches,23-Dec,23-Dec,26-Jan,15-Feb
665,gdd_pears,23-Dec,23-Dec,30-Jan,12-Feb
665,gdd_pecans,23-Dec,23-Dec,07-Jan,17-Mar
665,gdd_plums,23-Dec,23-Dec,27-Jan,10-Feb
672,gdd_almonds,09-Jan,05-Jan,03-Jan,15-Jan
672,gdd_apples,09-Jan,05-Jan,06-Feb,18-Feb
672,gdd_cherries,09-Jan,05-Jan,27-Jan,10-Feb
672,gdd_peaches,09-Jan,05-Jan,26-Jan,14-Feb
672,gdd_pears,09-Jan,05-Jan,30-Jan,11-Feb
672,gdd_pecans,09-Jan,05-Jan,06-Jan,05-Mar
672,gdd_plums,09-Jan,05-Jan,26-Jan,09-Feb
673,gdd_almonds,27-Dec,27-Dec,03-Jan,14-Jan
673,gdd_apples,27-Dec,27-Dec,04-Feb,16-Feb
673,gdd_cherries,27-Dec,27-Dec,26-Jan,08-Feb
673,gdd_peaches,27-Dec,27-Dec,24-Jan,11-Feb
673,gdd_pears,27-Dec,27-Dec,28-Jan,09-Feb
673,gdd_pecans,27-Dec,27-Dec,05-Jan,28-Feb
673,gdd_plums,27-Dec,27-Dec,25-Jan,07-Feb
701,gdd_almonds,04-Feb,09-Dec,04-Jan,20-Jan
701,gdd_apples,04-Feb,09-Dec,14-Feb,26-Feb
701,gdd_cherries,04-Feb,09-Dec,03-Feb,18-Feb
701,gdd_peaches,04-Feb,09-Dec,01-Feb,21-Feb
701,gdd_pears,04-Feb,09-Dec,06-Feb,19-Feb
701,gdd_pecans,04-Feb,09-Dec,12-Jan,17-Mar
701,gdd_plums,04-Feb,09-Dec,02-Feb,18-Feb
702,gdd_almonds,24-Dec,25-Dec,03-Jan,15-Jan
702,gdd_apples,24-Dec,25-Dec,05-Feb,17-Feb
702,gdd_cherries,24-Dec,25-Dec,27-Jan,09-Feb
702,gdd_peaches,24-Dec,25-Dec,25-Jan,12-Feb
702,gdd_pears,24-Dec,25-Dec,29-Jan,10-Feb
702,gdd_pecans,24-Dec,25-Dec,06-Jan,28-Feb
702,gdd_plums,24-Dec,25-Dec,26-Jan,08-Feb
710,gdd_almonds,NaT,NaT,03-Jan,13-Jan
710,gdd_apples,NaT,NaT,29-Jan,09-Feb
710,gdd_cherries,NaT,NaT,22-Jan,02-Feb
710,gdd_peaches,NaT,NaT,20-Jan,05-Feb
710,gdd_pears,NaT,NaT,24-Jan,03-Feb
710,gdd_pecans,NaT,NaT,03-Jan,12-Feb
710,gdd_plums,NaT,NaT,21-Jan,01-Feb
711,gdd_almonds,NaT,NaT,03-Jan,13-Jan
711,gdd_apples,NaT,NaT,31-Jan,11-Feb
711,gdd_cherries,NaT,NaT,23-Jan,03-Feb
711,gdd_peaches,NaT,NaT,21-Jan,06-Feb
711,gdd_pears,NaT,NaT,25-Jan,04-Feb
711,gdd_pecans,NaT,NaT,04-Jan,16-Feb
711,gdd_plums,NaT,NaT,22-Jan,03-Feb
