ncep_index,crop,spring_freeze,fall_freeze,emergence,maxcover
232,66,22-May,09-Oct,01-Jul,19-Jul
232,67,22-May,09-Oct,29-Jun,23-Jul
232,68,22-May,09-Oct,14-Jul,28-Jul
232,74,22-May,09-Oct,12-Jul,
232,75,22-May,09-Oct,06-Apr,26-May
232,77,22-May,09-Oct,05-Jul,20-Jul
232,220,22-May,09-Oct,30-Jun,18-Jul
233,66,03-Jun,23-Sep,05-Jul,21-Jul
233,67,03-Jun,23-Sep,03-Jul,24-Jul
233,68,03-Jun,23-Sep,16-Jul,29-Jul
233,74,03-Jun,23-Sep,08-Jul,
233,75,03-Jun,23-Sep,29-Apr,06-Jun
233,77,03-Jun,23-Sep,08-Jul,22-Jul
233,220,03-Jun,23-Sep,04-Jul,20-Jul
234,66,06-Jun,15-Sep,07-Jul,22-Jul
234,67,06-Jun,15-Sep,05-Jul,25-Jul
234,68,06-Jun,15-Sep,18-Jul,30-Jul
234,74,06-Jun,15-Sep,08-Jul,
234,75,06-Jun,15-Sep,07-May,09-Jun
234,77,06-Jun,15-Sep,10-Jul,23-Jul
234,220,06-Jun,15-Sep,05-Jul,21-Jul
235,66,04-Jun,09-Sep,10-Jul,25-Jul
235,67,04-Jun,09-Sep,08-Jul,28-Jul
235,68,04-Jun,09-Sep,21-Jul,02-Aug
235,74,04-Jun,09-Sep,09-Jul,
235,75,04-Jun,09-Sep,12-May,15-Jun
235,77,04-Jun,09-Sep,13-Jul,26-Jul
235,220,04-Jun,09-Sep,09-Jul,24-Jul
236,66,07-Jun,28-Aug,12-Jul,27-Jul
236,67,07-Jun,28-Aug,11-Jul,31-Jul
236,68,07-Jun,28-Aug,23-Jul,05-Aug
236,74,07-Jun,28-Aug,,
236,75,07-Jun,28-Aug,16-May,19-Jun
236,77,07-Jun,28-Aug,16-Jul,28-Jul
236,220,07-Jun,28-Aug,11-Jul,27-Jul
237,66,11-Jun,01-Sep,11-Jul,25-Jul
237,67,11-Jun,01-Sep,09-Jul,29-Jul
237,68,11-Jun,01-Sep,21-Jul,03-Aug
237,74,11-Jun,01-Sep,,
237,75,11-Jun,01-Sep,18-May,18-Jun
237,77,11-Jun,01-Sep,14-Jul,26-Jul
237,220,11-Jun,01-Sep,09-Jul,25-Jul
238,66,29-May,18-Sep,02-Jul,17-Jul
238,67,29-May,18-Sep,30-Jun,20-Jul
238,68,29-May,18-Sep,12-Jul,25-Jul
238,74,29-May,18-Sep,01-Jul,
238,75,29-May,18-Sep,10-May,07-Jun
238,77,29-May,18-Sep,05-Jul,18-Jul
238,220,29-May,18-Sep,01-Jul,16-Jul
239,66,19-May,21-Sep,20-Jun,05-Jul
239,67,19-May,21-Sep,17-Jun,08-Jul
239,68,19-May,21-Sep,30-Jun,12-Jul
239,74,19-May,21-Sep,17-Jun,
239,75,19-May,21-Sep,30-Apr,27-May
239,77,19-May,21-Sep,23-Jun,06-Jul
239,220,19-May,21-Sep,18-Jun,04-Jul
240,66,11-May,22-Sep,10-Jun,25-Jun
240,67,11-May,22-Sep,08-Jun,28-Jun
240,68,11-May,22-Sep,21-Jun,03-Jul
240,74,11-May,22-Sep,06-Jun,
240,75,11-May,22-Sep,18-Apr,19-May
240,77,11-May,22-Sep,13-Jun,26-Jun
240,220,11-May,22-Sep,08-Jun,24-Jun
241,66,11-May,19-Sep,07-Jun,22-Jun
241,67,11-May,19-Sep,05-Jun,25-Jun
241,68,11-May,19-Sep,18-Jun,30-Jun
241,74,11-May,19-Sep,02-Jun,24-Jul
241,75,11-May,19-Sep,16-Apr,17-May
241,77,11-May,19-Sep,10-Jun,23-Jun
241,220,11-May,19-Sep,06-Jun,21-Jun
242,66,14-May,19-Sep,10-Jun,24-Jun
242,67,14-May,19-Sep,08-Jun,28-Jun
242,68,14-May,19-Sep,20-Jun,02-Jul
242,74,14-May,19-Sep,05-Jun,
242,75,14-May,19-Sep,21-Apr,20-May
242,77,14-May,19-Sep,13-Jun,26-Jun
242,220,14-May,19-Sep,09-Jun,24-Jun
243,66,17-May,19-Sep,12-Jun,26-Jun
243,67,17-May,19-Sep,10-Jun,30-Jun
243,68,17-May,19-Sep,22-Jun,04-Jul
243,74,17-May,19-Sep,07-Jun,
243,75,17-May,19-Sep,25-Apr,22-May
243,77,17-May,19-Sep,15-Jun,27-Jun
243,220,17-May,19-Sep,11-Jun,26-Jun
244,66,17-May,21-Sep,10-Jun,25-Jun
244,67,17-May,21-Sep,08-Jun,28-Jun
244,68,17-May,21-Sep,21-Jun,03-Jul
244,74,17-May,21-Sep,05-Jun,
244,75,17-May,21-Sep,24-Apr,21-May
244,77,17-May,21-Sep,13-Jun,26-Jun
244,220,17-May,21-Sep,09-Jun,24-Jun
245,66,16-May,23-Sep,07-Jun,22-Jun
245,67,16-May,23-Sep,05-Jun,25-Jun
245,68,16-May,23-Sep,18-Jun,30-Jun
245,74,16-May,23-Sep,02-Jun,26-Jul
245,75,16-May,23-Sep,23-Apr,19-May
245,77,16-May,23-Sep,11-Jun,23-Jun
245,220,16-May,23-Sep,06-Jun,21-Jun
246,66,14-May,30-Sep,07-Jun,22-Jun
246,67,14-May,30-Sep,05-Jun,25-Jun
246,68,14-May,30-Sep,17-Jun,30-Jun
246,74,14-May,30-Sep,01-Jun,26-Jul
246,75,14-May,30-Sep,23-Apr,19-May
246,77,14-May,30-Sep,11-Jun,23-Jun
246,220,14-May,30-Sep,06-Jun,21-Jun
247,66,12-May,23-Sep,11-Jun,25-Jun
247,67,12-May,23-Sep,09-Jun,29-Jun
247,68,12-May,23-Sep,21-Jun,04-Jul
247,74,12-May,23-Sep,05-Jun,
247,75,12-May,23-Sep,27-Apr,22-May
247,77,12-May,23-Sep,14-Jun,26-Jun
247,220,12-May,23-Sep,10-Jun,25-Jun
248,66,18-May,22-Sep,15-Jun,29-Jun
248,67,18-May,22-Sep,13-Jun,03-Jul
248,68,18-May,22-Sep,25-Jun,08-Jul
248,74,18-May,22-Sep,09-Jun,
248,75,18-May,22-Sep,01-May,26-May
248,77,18-May,22-Sep,18-Jun,01-Jul
248,220,18-May,22-Sep,14-Jun,29-Jun
249,66,21-May,23-Sep,18-Jun,02-Jul
249,67,21-May,23-Sep,16-Jun,06-Jul
249,68,21-May,23-Sep,28-Jun,11-Jul
249,74,21-May,23-Sep,12-Jun,
249,75,21-May,23-Sep,05-May,29-May
249,77,21-May,23-Sep,21-Jun,04-Jul
249,220,21-May,23-Sep,16-Jun,02-Jul
250,66,22-May,23-Sep,19-Jun,03-Jul
250,67,22-May,23-Sep,17-Jun,07-Jul
250,68,22-May,23-Sep,29-Jun,12-Jul
250,74,22-May,23-Sep,12-Jun,
250,75,22-May,23-Sep,06-May,30-May
250,77,22-May,23-Sep,22-Jun,04-Jul
250,220,22-May,23-Sep,17-Jun,03-Jul
251,66,17-May,13-Oct,20-Aug,
251,67,17-May,13-Oct,18-Aug,
251,68,17-May,13-Oct,,
251,74,17-May,13-Oct,,
251,75,17-May,13-Oct,08-Jun,20-Jul
251,77,17-May,13-Oct,24-Aug,
251,220,17-May,13-Oct,19-Aug,
252,66,29-May,28-Sep,22-Jun,07-Jul
252,67,29-May,28-Sep,20-Jun,11-Jul
252,68,29-May,28-Sep,02-Jul,16-Jul
252,74,29-May,28-Sep,16-Jun,
252,75,29-May,28-Sep,06-May,02-Jun
252,77,29-May,28-Sep,25-Jun,08-Jul
252,220,29-May,28-Sep,21-Jun,06-Jul
270,66,16-Apr,02-Nov,01-Jun,21-Jun
270,67,16-Apr,02-Nov,29-May,26-Jun
270,68,16-Apr,02-Nov,15-Jun,02-Jul
270,74,16-Apr,02-Nov,16-Jun,
270,75,16-Apr,02-Nov,04-Feb,14-Apr
270,77,16-Apr,02-Nov,05-Jun,22-Jun
270,220,16-Apr,02-Nov,30-May,20-Jun
271,66,09-May,04-Oct,13-Jun,01-Jul
271,67,09-May,04-Oct,10-Jun,04-Jul
271,68,09-May,04-Oct,26-Jun,09-Jul
271,74,09-May,04-Oct,09-Jun,
271,75,09-May,04-Oct,30-Mar,13-May
271,77,09-May,04-Oct,16-Jun,02-Jul
271,220,09-May,04-Oct,11-Jun,30-Jun
272,66,12-May,28-Sep,16-Jun,03-Jul
272,67,12-May,28-Sep,13-Jun,06-Jul
272,68,12-May,28-Sep,28-Jun,11-Jul
272,74,12-May,28-Sep,10-Jun,
272,75,12-May,28-Sep,10-Apr,17-May
272,77,12-May,28-Sep,19-Jun,04-Jul
272,220,12-May,28-Sep,14-Jun,03-Jul
273,66,29-May,19-Sep,23-Jun,09-Jul
273,67,29-May,19-Sep,21-Jun,12-Jul
273,68,29-May,19-Sep,05-Jul,17-Jul
273,74,29-May,19-Sep,19-Jun,
273,75,29-May,19-Sep,22-Apr,25-May
273,77,29-May,19-Sep,27-Jun,10-Jul
273,220,29-May,19-Sep,22-Jun,09-Jul
274,66,04-Jun,03-Sep,03-Jul,18-Jul
274,67,04-Jun,03-Sep,02-Jul,21-Jul
274,68,04-Jun,03-Sep,14-Jul,26-Jul
274,74,04-Jun,03-Sep,28-Jun,
274,75,04-Jun,03-Sep,09-May,10-Jun
274,77,04-Jun,03-Sep,07-Jul,19-Jul
274,220,04-Jun,03-Sep,02-Jul,17-Jul
275,66,22-Jun,23-Aug,10-Jul,25-Jul
275,67,22-Jun,23-Aug,08-Jul,28-Jul
275,68,22-Jun,23-Aug,21-Jul,02-Aug
275,74,22-Jun,23-Aug,06-Jul,
275,75,22-Jun,23-Aug,19-May,19-Jun
275,77,22-Jun,23-Aug,14-Jul,26-Jul
275,220,22-Jun,23-Aug,09-Jul,24-Jul
276,66,22-Jun,24-Aug,09-Jul,24-Jul
276,67,22-Jun,24-Aug,07-Jul,27-Jul
276,68,22-Jun,24-Aug,20-Jul,01-Aug
276,74,22-Jun,24-Aug,08-Jul,
276,75,22-Jun,24-Aug,18-May,17-Jun
276,77,22-Jun,24-Aug,12-Jul,25-Jul
276,220,22-Jun,24-Aug,08-Jul,23-Jul
277,66,31-May,11-Sep,30-Jun,14-Jul
277,67,31-May,11-Sep,29-Jun,17-Jul
277,68,31-May,11-Sep,10-Jul,22-Jul
277,74,31-May,11-Sep,26-Jun,
277,75,31-May,11-Sep,12-May,09-Jun
277,77,31-May,11-Sep,03-Jul,15-Jul
277,220,31-May,11-Sep,29-Jun,14-Jul
278,66,19-May,20-Sep,18-Jun,02-Jul
278,67,19-May,20-Sep,16-Jun,05-Jul
278,68,19-May,20-Sep,28-Jun,10-Jul
278,74,19-May,20-Sep,13-Jun,
278,75,19-May,20-Sep,28-Apr,27-May
278,77,19-May,20-Sep,21-Jun,03-Jul
278,220,19-May,20-Sep,17-Jun,01-Jul
279,66,11-May,24-Sep,08-Jun,23-Jun
279,67,11-May,24-Sep,06-Jun,26-Jun
279,68,11-May,24-Sep,18-Jun,30-Jun
279,74,11-May,24-Sep,02-Jun,21-Jul
279,75,11-May,24-Sep,16-Apr,17-May
279,77,11-May,24-Sep,11-Jun,24-Jun
279,220,11-May,24-Sep,07-Jun,22-Jun
280,66,11-May,20-Sep,06-Jun,20-Jun
280,67,11-May,20-Sep,03-Jun,23-Jun
280,68,11-May,20-Sep,16-Jun,28-Jun
280,74,11-May,20-Sep,30-May,17-Jul
280,75,11-May,20-Sep,14-Apr,15-May
280,77,11-May,20-Sep,09-Jun,21-Jun
280,220,11-May,20-Sep,04-Jun,20-Jun
281,66,11-May,21-Sep,06-Jun,21-Jun
281,67,11-May,21-Sep,04-Jun,24-Jun
281,68,11-May,21-Sep,16-Jun,28-Jun
281,74,11-May,21-Sep,29-May,19-Jul
281,75,11-May,21-Sep,16-Apr,17-May
281,77,11-May,21-Sep,09-Jun,22-Jun
281,220,11-May,21-Sep,04-Jun,20-Jun
282,66,13-May,20-Sep,05-Jun,19-Jun
282,67,13-May,20-Sep,03-Jun,22-Jun
282,68,13-May,20-Sep,15-Jun,27-Jun
282,74,13-May,20-Sep,28-May,17-Jul
282,75,13-May,20-Sep,18-Apr,16-May
282,77,13-May,20-Sep,08-Jun,20-Jun
282,220,13-May,20-Sep,04-Jun,19-Jun
283,66,10-May,28-Sep,03-Jun,17-Jun
283,67,10-May,28-Sep,01-Jun,20-Jun
283,68,10-May,28-Sep,13-Jun,24-Jun
283,74,10-May,28-Sep,25-May,15-Jul
283,75,10-May,28-Sep,16-Apr,14-May
283,77,10-May,28-Sep,06-Jun,18-Jun
283,220,10-May,28-Sep,02-Jun,16-Jun
284,66,08-May,01-Oct,02-Jun,16-Jun
284,67,08-May,01-Oct,31-May,19-Jun
284,68,08-May,01-Oct,12-Jun,23-Jun
284,74,08-May,01-Oct,24-May,15-Jul
284,75,08-May,01-Oct,15-Apr,14-May
284,77,08-May,01-Oct,05-Jun,17-Jun
284,220,08-May,01-Oct,01-Jun,16-Jun
285,66,10-May,01-Oct,04-Jun,18-Jun
285,67,10-May,01-Oct,02-Jun,21-Jun
285,68,10-May,01-Oct,14-Jun,26-Jun
285,74,10-May,01-Oct,26-May,21-Jul
285,75,10-May,01-Oct,18-Apr,15-May
285,77,10-May,01-Oct,07-Jun,19-Jun
285,220,10-May,01-Oct,03-Jun,17-Jun
286,66,09-May,29-Sep,07-Jun,21-Jun
286,67,09-May,29-Sep,05-Jun,25-Jun
286,68,09-May,29-Sep,17-Jun,29-Jun
286,74,09-May,29-Sep,31-May,31-Jul
286,75,09-May,29-Sep,21-Apr,18-May
286,77,09-May,29-Sep,10-Jun,22-Jun
286,220,09-May,29-Sep,06-Jun,21-Jun
287,66,15-May,30-Sep,09-Jun,24-Jun
287,67,15-May,30-Sep,07-Jun,27-Jun
287,68,15-May,30-Sep,20-Jun,02-Jul
287,74,15-May,30-Sep,01-Jun,
287,75,15-May,30-Sep,24-Apr,21-May
287,77,15-May,30-Sep,12-Jun,25-Jun
287,220,15-May,30-Sep,08-Jun,23-Jun
288,66,19-May,01-Oct,08-Jun,22-Jun
288,67,19-May,01-Oct,06-Jun,25-Jun
288,68,19-May,01-Oct,18-Jun,29-Jun
288,74,19-May,01-Oct,28-May,22-Jul
288,75,19-May,01-Oct,25-Apr,20-May
288,77,19-May,01-Oct,11-Jun,23-Jun
288,220,19-May,01-Oct,07-Jun,21-Jun
289,66,17-May,06-Oct,10-Jun,24-Jun
289,67,17-May,06-Oct,09-Jun,27-Jun
289,68,17-May,06-Oct,20-Jun,02-Jul
289,74,17-May,06-Oct,01-Jun,27-Jul
289,75,17-May,06-Oct,26-Apr,22-May
289,77,17-May,06-Oct,13-Jun,25-Jun
289,220,17-May,06-Oct,09-Jun,24-Jun
290,66,05-May,02-Nov,29-Jul,15-Aug
290,67,05-May,02-Nov,27-Jul,19-Aug
290,68,05-May,02-Nov,10-Aug,25-Aug
290,74,05-May,02-Nov,,
290,75,05-May,02-Nov,25-May,30-Jun
290,77,05-May,02-Nov,02-Aug,16-Aug
290,220,05-May,02-Nov,28-Jul,14-Aug
291,66,19-May,03-Oct,14-Jun,28-Jun
291,67,19-May,03-Oct,12-Jun,01-Jul
291,68,19-May,03-Oct,24-Jun,06-Jul
291,74,19-May,03-Oct,06-Jun,
291,75,19-May,03-Oct,28-Apr,26-May
291,77,19-May,03-Oct,17-Jun,29-Jun
291,220,19-May,03-Oct,13-Jun,28-Jun
299,66,18-May,25-Sep,22-Jun,07-Jul
299,67,18-May,25-Sep,20-Jun,10-Jul
299,68,18-May,25-Sep,02-Jul,16-Jul
299,74,18-May,25-Sep,17-Jun,
299,75,18-May,25-Sep,08-May,01-Jun
299,77,18-May,25-Sep,24-Jun,08-Jul
299,220,18-May,25-Sep,20-Jun,06-Jul
300,66,14-May,28-Sep,21-Jun,05-Jul
300,67,14-May,28-Sep,19-Jun,09-Jul
300,68,14-May,28-Sep,01-Jul,14-Jul
300,74,14-May,28-Sep,17-Jun,
300,75,14-May,28-Sep,07-May,01-Jun
300,77,14-May,28-Sep,24-Jun,06-Jul
300,220,14-May,28-Sep,20-Jun,05-Jul
308,66,09-May,17-Oct,05-Jun,25-Jun
308,67,09-May,17-Oct,03-Jun,29-Jun
308,68,09-May,17-Oct,19-Jun,05-Jul
308,74,09-May,17-Oct,17-Jun,
308,75,09-May,17-Oct,08-Feb,20-Apr
308,77,09-May,17-Oct,09-Jun,26-Jun
308,220,09-May,17-Oct,04-Jun,24-Jun
309,66,01-Jun,03-Sep,22-Jun,08-Jul
309,67,01-Jun,03-Sep,19-Jun,11-Jul
309,68,01-Jun,03-Sep,04-Jul,16-Jul
309,74,01-Jun,03-Sep,15-Jun,
309,75,01-Jun,03-Sep,16-Apr,25-May
309,77,01-Jun,03-Sep,25-Jun,09-Jul
309,220,01-Jun,03-Sep,20-Jun,07-Jul
310,66,20-Jun,24-Aug,23-Jun,08-Jul
310,67,20-Jun,24-Aug,21-Jun,12-Jul
310,68,20-Jun,24-Aug,04-Jul,16-Jul
310,74,20-Jun,24-Aug,13-Jun,
310,75,20-Jun,24-Aug,22-Apr,26-May
310,77,20-Jun,24-Aug,26-Jun,09-Jul
310,220,20-Jun,24-Aug,21-Jun,08-Jul
311,66,22-Jun,24-Aug,24-Jun,09-Jul
311,67,22-Jun,24-Aug,22-Jun,12-Jul
311,68,22-Jun,24-Aug,05-Jul,17-Jul
311,74,22-Jun,24-Aug,17-Jun,
311,75,22-Jun,24-Aug,26-Apr,28-May
311,77,22-Jun,24-Aug,27-Jun,10-Jul
311,220,22-Jun,24-Aug,23-Jun,08-Jul
312,66,04-Jul,24-Aug,02-Jul,16-Jul
312,67,04-Jul,24-Aug,30-Jun,19-Jul
312,68,04-Jul,24-Aug,12-Jul,23-Jul
312,74,04-Jul,24-Aug,25-Jun,
312,75,04-Jul,24-Aug,07-May,09-Jun
312,77,04-Jul,24-Aug,05-Jul,17-Jul
312,220,04-Jul,24-Aug,01-Jul,15-Jul
313,66,11-Jul,17-Aug,10-Jul,24-Jul
313,67,11-Jul,17-Aug,08-Jul,27-Jul
313,68,11-Jul,17-Aug,20-Jul,01-Aug
313,74,11-Jul,17-Aug,04-Jul,
313,75,11-Jul,17-Aug,20-May,19-Jun
313,77,11-Jul,17-Aug,13-Jul,25-Jul
313,220,11-Jul,17-Aug,08-Jul,23-Jul
314,66,15-Jul,07-Aug,14-Jul,29-Jul
314,67,15-Jul,07-Aug,12-Jul,02-Aug
314,68,15-Jul,07-Aug,25-Jul,
314,74,15-Jul,07-Aug,11-Jul,
314,75,15-Jul,07-Aug,25-May,23-Jun
314,77,15-Jul,07-Aug,17-Jul,30-Jul
314,220,15-Jul,07-Aug,13-Jul,29-Jul
315,66,05-Jul,13-Aug,11-Jul,25-Jul
315,67,05-Jul,13-Aug,09-Jul,29-Jul
315,68,05-Jul,13-Aug,21-Jul,03-Aug
315,74,05-Jul,13-Aug,07-Jul,
315,75,05-Jul,13-Aug,28-May,23-Jun
315,77,05-Jul,13-Aug,14-Jul,26-Jul
315,220,05-Jul,13-Aug,10-Jul,24-Jul
316,66,10-Jun,02-Sep,30-Jun,13-Jul
316,67,10-Jun,02-Sep,28-Jun,16-Jul
316,68,10-Jun,02-Sep,09-Jul,21-Jul
316,74,10-Jun,02-Sep,24-Jun,
316,75,10-Jun,02-Sep,14-May,10-Jun
316,77,10-Jun,02-Sep,03-Jul,14-Jul
316,220,10-Jun,02-Sep,29-Jun,13-Jul
317,66,21-May,17-Sep,16-Jun,30-Jun
317,67,21-May,17-Sep,15-Jun,03-Jul
317,68,21-May,17-Sep,27-Jun,08-Jul
317,74,21-May,17-Sep,10-Jun,
317,75,21-May,17-Sep,26-Apr,26-May
317,77,21-May,17-Sep,20-Jun,02-Jul
317,220,21-May,17-Sep,15-Jun,30-Jun
318,66,15-May,20-Sep,06-Jun,21-Jun
318,67,15-May,20-Sep,04-Jun,24-Jun
318,68,15-May,20-Sep,17-Jun,29-Jun
318,74,15-May,20-Sep,31-May,17-Jul
318,75,15-May,20-Sep,14-Apr,17-May
318,77,15-May,20-Sep,10-Jun,22-Jun
318,220,15-May,20-Sep,05-Jun,20-Jun
319,66,13-May,22-Sep,01-Jun,16-Jun
319,67,13-May,22-Sep,31-May,19-Jun
319,68,13-May,22-Sep,12-Jun,24-Jun
319,74,13-May,22-Sep,24-May,12-Jul
319,75,13-May,22-Sep,11-Apr,12-May
319,77,13-May,22-Sep,04-Jun,17-Jun
319,220,13-May,22-Sep,31-May,16-Jun
320,66,11-May,22-Sep,31-May,14-Jun
320,67,11-May,22-Sep,29-May,17-Jun
320,68,11-May,22-Sep,10-Jun,22-Jun
320,74,11-May,22-Sep,20-May,09-Jul
320,75,11-May,22-Sep,10-Apr,11-May
320,77,11-May,22-Sep,02-Jun,15-Jun
320,220,11-May,22-Sep,30-May,13-Jun
321,66,11-May,02-Oct,30-May,13-Jun
321,67,11-May,02-Oct,29-May,16-Jun
321,68,11-May,02-Oct,09-Jun,21-Jun
321,74,11-May,02-Oct,21-May,09-Jul
321,75,11-May,02-Oct,11-Apr,11-May
321,77,11-May,02-Oct,02-Jun,14-Jun
321,220,11-May,02-Oct,29-May,13-Jun
322,66,08-May,03-Oct,30-May,13-Jun
322,67,08-May,03-Oct,28-May,16-Jun
322,68,08-May,03-Oct,09-Jun,21-Jun
322,74,08-May,03-Oct,21-May,09-Jul
322,75,08-May,03-Oct,10-Apr,10-May
322,77,08-May,03-Oct,02-Jun,14-Jun
322,220,08-May,03-Oct,29-May,12-Jun
323,66,04-May,30-Sep,30-May,13-Jun
323,67,04-May,30-Sep,28-May,16-Jun
323,68,04-May,30-Sep,09-Jun,21-Jun
323,74,04-May,30-Sep,22-May,13-Jul
323,75,04-May,30-Sep,10-Apr,10-May
323,77,04-May,30-Sep,02-Jun,14-Jun
323,220,04-May,30-Sep,29-May,13-Jun
324,66,03-May,30-Sep,31-May,14-Jun
324,67,03-May,30-Sep,29-May,17-Jun
324,68,03-May,30-Sep,10-Jun,22-Jun
324,74,03-May,30-Sep,24-May,18-Jul
324,75,03-May,30-Sep,08-Apr,10-May
324,77,03-May,30-Sep,03-Jun,15-Jun
324,220,03-May,30-Sep,30-May,13-Jun
325,66,11-May,03-Oct,01-Jun,15-Jun
325,67,11-May,03-Oct,30-May,18-Jun
325,68,11-May,03-Oct,11-Jun,23-Jun
325,74,11-May,03-Oct,22-May,19-Jul
325,75,11-May,03-Oct,10-Apr,11-May
325,77,11-May,03-Oct,04-Jun,16-Jun
325,220,11-May,03-Oct,31-May,14-Jun
326,66,11-May,05-Oct,02-Jun,15-Jun
326,67,11-May,05-Oct,31-May,18-Jun
326,68,11-May,05-Oct,11-Jun,23-Jun
326,74,11-May,05-Oct,22-May,16-Jul
326,75,11-May,05-Oct,11-Apr,12-May
326,77,11-May,05-Oct,05-Jun,16-Jun
326,220,11-May,05-Oct,31-May,15-Jun
327,66,08-May,11-Oct,01-Jun,15-Jun
327,67,08-May,11-Oct,31-May,18-Jun
327,68,08-May,11-Oct,11-Jun,22-Jun
327,74,08-May,11-Oct,21-May,12-Jul
327,75,08-May,11-Oct,11-Apr,13-May
327,77,08-May,11-Oct,04-Jun,16-Jun
327,220,08-May,11-Oct,31-May,14-Jun
328,66,23-Apr,06-Nov,12-Jul,26-Jul
328,67,23-Apr,06-Nov,10-Jul,30-Jul
328,68,23-Apr,06-Nov,22-Jul,04-Aug
328,74,23-Apr,06-Nov,19-Jul,
328,75,23-Apr,06-Nov,10-May,16-Jun
328,77,23-Apr,06-Nov,15-Jul,28-Jul
328,220,23-Apr,06-Nov,11-Jul,26-Jul
329,66,12-May,06-Oct,03-Jun,17-Jun
329,67,12-May,06-Oct,02-Jun,20-Jun
329,68,12-May,06-Oct,13-Jun,24-Jun
329,74,12-May,06-Oct,25-May,16-Jul
329,75,12-May,06-Oct,12-Apr,14-May
329,77,12-May,06-Oct,06-Jun,18-Jun
329,220,12-May,06-Oct,02-Jun,16-Jun
330,66,13-May,06-Oct,01-Jun,14-Jun
330,67,13-May,06-Oct,31-May,17-Jun
330,68,13-May,06-Oct,10-Jun,22-Jun
330,74,13-May,06-Oct,22-May,12-Jul
330,75,13-May,06-Oct,10-Apr,12-May
330,77,13-May,06-Oct,04-Jun,15-Jun
330,220,13-May,06-Oct,31-May,14-Jun
333,66,11-May,03-Oct,07-Jun,22-Jun
333,67,11-May,03-Oct,05-Jun,25-Jun
333,68,11-May,03-Oct,18-Jun,30-Jun
333,74,11-May,03-Oct,30-May,04-Aug
333,75,11-May,03-Oct,17-Apr,18-May
333,77,11-May,03-Oct,10-Jun,23-Jun
333,220,11-May,03-Oct,06-Jun,22-Jun
334,66,11-May,01-Oct,10-Jun,25-Jun
334,67,11-May,01-Oct,08-Jun,29-Jun
334,68,11-May,01-Oct,21-Jun,04-Jul
334,74,11-May,01-Oct,05-Jun,
334,75,11-May,01-Oct,20-Apr,21-May
334,77,11-May,01-Oct,13-Jun,26-Jun
334,220,11-May,01-Oct,09-Jun,25-Jun
335,66,13-May,29-Sep,13-Jun,28-Jun
335,67,13-May,29-Sep,11-Jun,01-Jul
335,68,13-May,29-Sep,24-Jun,07-Jul
335,74,13-May,29-Sep,08-Jun,
335,75,13-May,29-Sep,23-Apr,24-May
335,77,13-May,29-Sep,16-Jun,29-Jun
335,220,13-May,29-Sep,12-Jun,27-Jun
336,66,08-May,03-Oct,15-Jun,30-Jun
336,67,08-May,03-Oct,13-Jun,03-Jul
336,68,08-May,03-Oct,26-Jun,08-Jul
336,74,08-May,03-Oct,10-Jun,
336,75,08-May,03-Oct,28-Apr,26-May
336,77,08-May,03-Oct,18-Jun,01-Jul
336,220,08-May,03-Oct,14-Jun,29-Jun
337,66,08-May,03-Oct,16-Jun,30-Jun
337,67,08-May,03-Oct,14-Jun,03-Jul
337,68,08-May,03-Oct,26-Jun,08-Jul
337,74,08-May,03-Oct,14-Jun,
337,75,08-May,03-Oct,28-Apr,27-May
337,77,08-May,03-Oct,19-Jun,01-Jul
337,220,08-May,03-Oct,15-Jun,29-Jun
338,66,07-May,07-Oct,15-Jun,29-Jun
338,67,07-May,07-Oct,13-Jun,02-Jul
338,68,07-May,07-Oct,25-Jun,06-Jul
338,74,07-May,07-Oct,13-Jun,01-Aug
338,75,07-May,07-Oct,26-Apr,25-May
338,77,07-May,07-Oct,18-Jun,29-Jun
338,220,07-May,07-Oct,14-Jun,28-Jun
346,66,29-Apr,17-Oct,05-Jun,24-Jun
346,67,29-Apr,17-Oct,03-Jun,28-Jun
346,68,29-Apr,17-Oct,19-Jun,03-Jul
346,74,29-Apr,17-Oct,14-Jun,
346,75,29-Apr,17-Oct,13-Feb,22-Apr
346,77,29-Apr,17-Oct,09-Jun,25-Jun
346,220,29-Apr,17-Oct,04-Jun,23-Jun
347,66,11-Jun,06-Sep,23-Jun,08-Jul
347,67,11-Jun,06-Sep,21-Jun,11-Jul
347,68,11-Jun,06-Sep,04-Jul,15-Jul
347,74,11-Jun,06-Sep,15-Jun,
347,75,11-Jun,06-Sep,23-Apr,29-May
347,77,11-Jun,06-Sep,26-Jun,09-Jul
347,220,11-Jun,06-Sep,21-Jun,07-Jul
348,66,23-Jun,27-Aug,25-Jun,10-Jul
348,67,23-Jun,27-Aug,23-Jun,13-Jul
348,68,23-Jun,27-Aug,06-Jul,17-Jul
348,74,23-Jun,27-Aug,16-Jun,
348,75,23-Jun,27-Aug,30-Apr,01-Jun
348,77,23-Jun,27-Aug,28-Jun,11-Jul
348,220,23-Jun,27-Aug,24-Jun,09-Jul
349,66,21-Jun,30-Aug,22-Jun,06-Jul
349,67,21-Jun,30-Aug,20-Jun,10-Jul
349,68,21-Jun,30-Aug,03-Jul,14-Jul
349,74,21-Jun,30-Aug,15-Jun,
349,75,21-Jun,30-Aug,25-Apr,28-May
349,77,21-Jun,30-Aug,25-Jun,07-Jul
349,220,21-Jun,30-Aug,21-Jun,06-Jul
350,66,15-Jun,29-Aug,21-Jun,05-Jul
350,67,15-Jun,29-Aug,19-Jun,08-Jul
350,68,15-Jun,29-Aug,01-Jul,13-Jul
350,74,15-Jun,29-Aug,13-Jun,
350,75,15-Jun,29-Aug,24-Apr,27-May
350,77,15-Jun,29-Aug,24-Jun,06-Jul
350,220,15-Jun,29-Aug,20-Jun,05-Jul
351,66,17-Jun,29-Aug,25-Jun,09-Jul
351,67,17-Jun,29-Aug,23-Jun,12-Jul
351,68,17-Jun,29-Aug,05-Jul,16-Jul
351,74,17-Jun,29-Aug,17-Jun,
351,75,17-Jun,29-Aug,03-May,04-Jun
351,77,17-Jun,29-Aug,28-Jun,10-Jul
351,220,17-Jun,29-Aug,24-Jun,08-Jul
352,66,23-Jun,23-Aug,02-Jul,16-Jul
352,67,23-Jun,23-Aug,30-Jun,19-Jul
352,68,23-Jun,23-Aug,12-Jul,23-Jul
352,74,23-Jun,23-Aug,26-Jun,
352,75,23-Jun,23-Aug,16-May,13-Jun
352,77,23-Jun,23-Aug,05-Jul,17-Jul
352,220,23-Jun,23-Aug,01-Jul,15-Jul
353,66,28-Jun,15-Aug,07-Jul,20-Jul
353,67,28-Jun,15-Aug,05-Jul,23-Jul
353,68,28-Jun,15-Aug,16-Jul,28-Jul
353,74,28-Jun,15-Aug,01-Jul,
353,75,28-Jun,15-Aug,23-May,18-Jun
353,77,28-Jun,15-Aug,09-Jul,21-Jul
353,220,28-Jun,15-Aug,06-Jul,20-Jul
354,66,18-Jun,25-Aug,04-Jul,17-Jul
354,67,18-Jun,25-Aug,02-Jul,20-Jul
354,68,18-Jun,25-Aug,13-Jul,25-Jul
354,74,18-Jun,25-Aug,29-Jun,
354,75,18-Jun,25-Aug,19-May,15-Jun
354,77,18-Jun,25-Aug,06-Jul,18-Jul
354,220,18-Jun,25-Aug,03-Jul,16-Jul
355,66,05-Jun,13-Sep,25-Jun,08-Jul
355,67,05-Jun,13-Sep,24-Jun,11-Jul
355,68,05-Jun,13-Sep,05-Jul,15-Jul
355,74,05-Jun,13-Sep,20-Jun,
355,75,05-Jun,13-Sep,12-May,05-Jun
355,77,05-Jun,13-Sep,28-Jun,09-Jul
355,220,05-Jun,13-Sep,24-Jun,08-Jul
356,66,16-May,21-Sep,12-Jun,26-Jun
356,67,16-May,21-Sep,10-Jun,29-Jun
356,68,16-May,21-Sep,22-Jun,03-Jul
356,74,16-May,21-Sep,07-Jun,21-Jul
356,75,16-May,21-Sep,20-Apr,21-May
356,77,16-May,21-Sep,15-Jun,27-Jun
356,220,16-May,21-Sep,11-Jun,25-Jun
357,66,11-May,30-Sep,29-May,13-Jun
357,67,11-May,30-Sep,27-May,16-Jun
357,68,11-May,30-Sep,09-Jun,21-Jun
357,74,11-May,30-Sep,20-May,10-Jul
357,75,11-May,30-Sep,04-Apr,08-May
357,77,11-May,30-Sep,01-Jun,14-Jun
357,220,11-May,30-Sep,28-May,13-Jun
358,66,08-May,30-Sep,22-May,05-Jun
358,67,08-May,30-Sep,20-May,09-Jun
358,68,08-May,30-Sep,01-Jun,13-Jun
358,74,08-May,30-Sep,12-May,02-Jul
358,75,08-May,30-Sep,28-Mar,30-Apr
358,77,08-May,30-Sep,25-May,06-Jun
358,220,08-May,30-Sep,21-May,04-Jun
359,66,03-May,05-Oct,22-May,04-Jun
359,67,03-May,05-Oct,20-May,08-Jun
359,68,03-May,05-Oct,01-Jun,13-Jun
359,74,03-May,05-Oct,12-May,30-Jun
359,75,03-May,05-Oct,31-Mar,01-May
359,77,03-May,05-Oct,25-May,06-Jun
359,220,03-May,05-Oct,21-May,04-Jun
360,66,01-May,03-Oct,23-May,06-Jun
360,67,01-May,03-Oct,21-May,09-Jun
360,68,01-May,03-Oct,02-Jun,13-Jun
360,74,01-May,03-Oct,13-May,02-Jul
360,75,01-May,03-Oct,31-Mar,02-May
360,77,01-May,03-Oct,26-May,07-Jun
360,220,01-May,03-Oct,22-May,05-Jun
361,66,30-Apr,01-Oct,23-May,06-Jun
361,67,30-Apr,01-Oct,21-May,10-Jun
361,68,30-Apr,01-Oct,02-Jun,14-Jun
361,74,30-Apr,01-Oct,14-May,05-Jul
361,75,30-Apr,01-Oct,31-Mar,02-May
361,77,30-Apr,01-Oct,26-May,07-Jun
361,220,30-Apr,01-Oct,22-May,06-Jun
362,66,27-Apr,03-Oct,22-May,06-Jun
362,67,27-Apr,03-Oct,20-May,09-Jun
362,68,27-Apr,03-Oct,02-Jun,14-Jun
362,74,27-Apr,03-Oct,13-May,07-Jul
362,75,27-Apr,03-Oct,31-Mar,01-May
362,77,27-Apr,03-Oct,25-May,07-Jun
362,220,27-Apr,03-Oct,21-May,05-Jun
363,66,24-Apr,06-Oct,22-May,06-Jun
363,67,24-Apr,06-Oct,20-May,09-Jun
363,68,24-Apr,06-Oct,02-Jun,14-Jun
363,74,24-Apr,06-Oct,13-May,07-Jul
363,75,24-Apr,06-Oct,31-Mar,01-May
363,77,24-Apr,06-Oct,25-May,07-Jun
363,220,24-Apr,06-Oct,21-May,05-Jun
364,66,28-Apr,06-Oct,24-May,07-Jun
364,67,28-Apr,06-Oct,22-May,11-Jun
364,68,28-Apr,06-Oct,03-Jun,15-Jun
364,74,28-Apr,06-Oct,14-May,07-Jul
364,75,28-Apr,06-Oct,31-Mar,03-May
364,77,28-Apr,06-Oct,27-May,08-Jun
364,220,28-Apr,06-Oct,23-May,07-Jun
365,66,29-Apr,07-Oct,24-May,07-Jun
365,67,29-Apr,07-Oct,22-May,10-Jun
365,68,29-Apr,07-Oct,03-Jun,15-Jun
365,74,29-Apr,07-Oct,14-May,05-Jul
365,75,29-Apr,07-Oct,01-Apr,03-May
365,77,29-Apr,07-Oct,27-May,08-Jun
365,220,29-Apr,07-Oct,23-May,07-Jun
366,66,29-Apr,14-Oct,24-May,07-Jun
366,67,29-Apr,14-Oct,22-May,10-Jun
366,68,29-Apr,14-Oct,03-Jun,14-Jun
366,74,29-Apr,14-Oct,14-May,04-Jul
366,75,29-Apr,14-Oct,31-Mar,03-May
366,77,29-Apr,14-Oct,27-May,08-Jun
366,220,29-Apr,14-Oct,23-May,06-Jun
367,66,03-May,12-Oct,25-May,08-Jun
367,67,03-May,12-Oct,23-May,11-Jun
367,68,03-May,12-Oct,04-Jun,15-Jun
367,74,03-May,12-Oct,14-May,06-Jul
367,75,03-May,12-Oct,31-Mar,04-May
367,77,03-May,12-Oct,28-May,09-Jun
367,220,03-May,12-Oct,24-May,07-Jun
368,66,01-May,11-Oct,24-May,07-Jun
368,67,01-May,11-Oct,22-May,09-Jun
368,68,01-May,11-Oct,03-Jun,14-Jun
368,74,01-May,11-Oct,14-May,04-Jul
368,75,01-May,11-Oct,29-Mar,02-May
368,77,01-May,11-Oct,27-May,07-Jun
368,220,01-May,11-Oct,23-May,06-Jun
369,66,30-Apr,08-Oct,25-May,08-Jun
369,67,30-Apr,08-Oct,23-May,11-Jun
369,68,30-Apr,08-Oct,04-Jun,16-Jun
369,74,30-Apr,08-Oct,16-May,08-Jul
369,75,30-Apr,08-Oct,31-Mar,04-May
369,77,30-Apr,08-Oct,28-May,09-Jun
369,220,30-Apr,08-Oct,24-May,08-Jun
370,66,04-May,04-Oct,29-May,12-Jun
370,67,04-May,04-Oct,27-May,16-Jun
370,68,04-May,04-Oct,08-Jun,21-Jun
370,74,04-May,04-Oct,20-May,18-Jul
370,75,04-May,04-Oct,02-Apr,07-May
370,77,04-May,04-Oct,01-Jun,13-Jun
370,220,04-May,04-Oct,28-May,12-Jun
371,66,03-May,04-Oct,31-May,15-Jun
371,67,03-May,04-Oct,30-May,18-Jun
371,68,03-May,04-Oct,10-Jun,23-Jun
371,74,03-May,04-Oct,22-May,21-Jul
371,75,03-May,04-Oct,07-Apr,10-May
371,77,03-May,04-Oct,03-Jun,16-Jun
371,220,03-May,04-Oct,30-May,14-Jun
372,66,08-May,08-Oct,04-Jun,19-Jun
372,67,08-May,08-Oct,02-Jun,22-Jun
372,68,08-May,08-Oct,14-Jun,26-Jun
372,74,08-May,08-Oct,29-May,25-Jul
372,75,08-May,08-Oct,12-Apr,14-May
372,77,08-May,08-Oct,07-Jun,20-Jun
372,220,08-May,08-Oct,03-Jun,18-Jun
373,66,08-May,12-Oct,08-Jun,21-Jun
373,67,08-May,12-Oct,06-Jun,25-Jun
373,68,08-May,12-Oct,18-Jun,29-Jun
373,74,08-May,12-Oct,04-Jun,26-Jul
373,75,08-May,12-Oct,14-Apr,18-May
373,77,08-May,12-Oct,10-Jun,23-Jun
373,220,08-May,12-Oct,07-Jun,21-Jun
374,66,27-Apr,28-Oct,11-Jun,25-Jun
374,67,27-Apr,28-Oct,09-Jun,28-Jun
374,68,27-Apr,28-Oct,20-Jun,02-Jul
374,74,27-Apr,28-Oct,10-Jun,29-Jul
374,75,27-Apr,28-Oct,17-Apr,20-May
374,77,27-Apr,28-Oct,13-Jun,26-Jun
374,220,27-Apr,28-Oct,09-Jun,24-Jun
375,66,08-Apr,19-Nov,27-Jun,12-Jul
375,67,08-Apr,19-Nov,25-Jun,16-Jul
375,68,08-Apr,19-Nov,08-Jul,21-Jul
375,74,08-Apr,19-Nov,10-Jul,
375,75,08-Apr,19-Nov,25-Apr,31-May
375,77,08-Apr,19-Nov,30-Jun,13-Jul
375,220,08-Apr,19-Nov,26-Jun,12-Jul
384,66,17-Mar,18-Nov,17-May,07-Jun
384,67,17-Mar,18-Nov,13-May,11-Jun
384,68,17-Mar,18-Nov,01-Jun,17-Jun
384,74,17-Mar,18-Nov,08-Jun,08-Aug
384,75,17-Mar,18-Nov,24-Jan,25-Mar
384,77,17-Mar,18-Nov,21-May,08-Jun
384,220,17-Mar,18-Nov,14-May,06-Jun
385,66,22-May,22-Sep,11-Jun,26-Jun
385,67,22-May,22-Sep,09-Jun,29-Jun
385,68,22-May,22-Sep,21-Jun,04-Jul
385,74,22-May,22-Sep,06-Jun,29-Jul
385,75,22-May,22-Sep,30-Mar,14-May
385,77,22-May,22-Sep,14-Jun,27-Jun
385,220,22-May,22-Sep,10-Jun,25-Jun
386,66,15-Jun,02-Sep,17-Jun,01-Jul
386,67,15-Jun,02-Sep,15-Jun,04-Jul
386,68,15-Jun,02-Sep,27-Jun,09-Jul
386,74,15-Jun,02-Sep,08-Jun,28-Jul
386,75,15-Jun,02-Sep,24-Apr,25-May
386,77,15-Jun,02-Sep,20-Jun,02-Jul
386,220,15-Jun,02-Sep,16-Jun,01-Jul
387,66,14-Jun,27-Aug,16-Jun,30-Jun
387,67,14-Jun,27-Aug,15-Jun,03-Jul
387,68,14-Jun,27-Aug,26-Jun,08-Jul
387,74,14-Jun,27-Aug,09-Jun,
387,75,14-Jun,27-Aug,21-Apr,24-May
387,77,14-Jun,27-Aug,19-Jun,01-Jul
387,220,14-Jun,27-Aug,15-Jun,30-Jun
388,66,11-Jun,28-Aug,12-Jun,26-Jun
388,67,11-Jun,28-Aug,11-Jun,29-Jun
388,68,11-Jun,28-Aug,22-Jun,03-Jul
388,74,11-Jun,28-Aug,04-Jun,19-Jul
388,75,11-Jun,28-Aug,17-Apr,20-May
388,77,11-Jun,28-Aug,15-Jun,27-Jun
388,220,11-Jun,28-Aug,11-Jun,25-Jun
389,66,31-May,07-Sep,11-Jun,24-Jun
389,67,31-May,07-Sep,09-Jun,27-Jun
389,68,31-May,07-Sep,20-Jun,01-Jul
389,74,31-May,07-Sep,02-Jun,16-Jul
389,75,31-May,07-Sep,17-Apr,20-May
389,77,31-May,07-Sep,13-Jun,25-Jun
389,220,31-May,07-Sep,10-Jun,23-Jun
390,66,06-Jun,08-Sep,15-Jun,28-Jun
390,67,06-Jun,08-Sep,13-Jun,01-Jul
390,68,06-Jun,08-Sep,24-Jun,05-Jul
390,74,06-Jun,08-Sep,07-Jun,20-Jul
390,75,06-Jun,08-Sep,24-Apr,26-May
390,77,06-Jun,08-Sep,18-Jun,29-Jun
390,220,06-Jun,08-Sep,14-Jun,28-Jun
391,66,16-Jun,03-Sep,25-Jun,08-Jul
391,67,16-Jun,03-Sep,24-Jun,11-Jul
391,68,16-Jun,03-Sep,05-Jul,15-Jul
391,74,16-Jun,03-Sep,19-Jun,
391,75,16-Jun,03-Sep,14-May,08-Jun
391,77,16-Jun,03-Sep,28-Jun,09-Jul
391,220,16-Jun,03-Sep,24-Jun,08-Jul
392,66,20-Jun,24-Aug,01-Jul,14-Jul
392,67,20-Jun,24-Aug,30-Jun,17-Jul
392,68,20-Jun,24-Aug,11-Jul,22-Jul
392,74,20-Jun,24-Aug,27-Jun,
392,75,20-Jun,24-Aug,18-May,13-Jun
392,77,20-Jun,24-Aug,04-Jul,15-Jul
392,220,20-Jun,24-Aug,30-Jun,14-Jul
393,66,12-Jun,04-Sep,30-Jun,12-Jul
393,67,12-Jun,04-Sep,28-Jun,15-Jul
393,68,12-Jun,04-Sep,09-Jul,20-Jul
393,74,12-Jun,04-Sep,26-Jun,
393,75,12-Jun,04-Sep,17-May,12-Jun
393,77,12-Jun,04-Sep,03-Jul,13-Jul
393,220,12-Jun,04-Sep,29-Jun,12-Jul
394,66,25-May,21-Sep,19-Jun,02-Jul
394,67,25-May,21-Sep,17-Jun,05-Jul
394,68,25-May,21-Sep,28-Jun,09-Jul
394,74,25-May,21-Sep,16-Jun,01-Aug
394,75,25-May,21-Sep,02-May,29-May
394,77,25-May,21-Sep,22-Jun,03-Jul
394,220,25-May,21-Sep,18-Jun,01-Jul
395,66,06-May,04-Oct,29-May,13-Jun
395,67,06-May,04-Oct,27-May,17-Jun
395,68,06-May,04-Oct,09-Jun,21-Jun
395,74,06-May,04-Oct,22-May,11-Jul
395,75,06-May,04-Oct,02-Apr,07-May
395,77,06-May,04-Oct,01-Jun,15-Jun
395,220,06-May,04-Oct,28-May,13-Jun
396,66,28-Apr,09-Oct,14-May,28-May
396,67,28-Apr,09-Oct,12-May,31-May
396,68,28-Apr,09-Oct,24-May,05-Jun
396,74,28-Apr,09-Oct,05-May,25-Jun
396,75,28-Apr,09-Oct,14-Mar,20-Apr
396,77,28-Apr,09-Oct,17-May,29-May
396,220,28-Apr,09-Oct,13-May,27-May
397,66,25-Apr,11-Oct,10-May,24-May
397,67,25-Apr,11-Oct,08-May,27-May
397,68,25-Apr,11-Oct,20-May,01-Jun
397,74,25-Apr,11-Oct,29-Apr,20-Jun
397,75,25-Apr,11-Oct,12-Mar,18-Apr
397,77,25-Apr,11-Oct,13-May,25-May
397,220,25-Apr,11-Oct,09-May,24-May
398,66,26-Apr,07-Oct,13-May,27-May
398,67,26-Apr,07-Oct,11-May,30-May
398,68,26-Apr,07-Oct,23-May,04-Jun
398,74,26-Apr,07-Oct,01-May,22-Jun
398,75,26-Apr,07-Oct,21-Mar,21-Apr
398,77,26-Apr,07-Oct,16-May,28-May
398,220,26-Apr,07-Oct,11-May,26-May
399,66,26-Apr,06-Oct,14-May,29-May
399,67,26-Apr,06-Oct,12-May,01-Jun
399,68,26-Apr,06-Oct,25-May,05-Jun
399,74,26-Apr,06-Oct,03-May,26-Jun
399,75,26-Apr,06-Oct,23-Mar,22-Apr
399,77,26-Apr,06-Oct,18-May,30-May
399,220,26-Apr,06-Oct,13-May,28-May
400,66,18-Apr,12-Oct,12-May,27-May
400,67,18-Apr,12-Oct,10-May,31-May
400,68,18-Apr,12-Oct,23-May,04-Jun
400,74,18-Apr,12-Oct,01-May,25-Jun
400,75,18-Apr,12-Oct,21-Mar,20-Apr
400,77,18-Apr,12-Oct,16-May,28-May
400,220,18-Apr,12-Oct,11-May,27-May
401,66,18-Apr,11-Oct,12-May,27-May
401,67,18-Apr,11-Oct,10-May,30-May
401,68,18-Apr,11-Oct,23-May,04-Jun
401,74,18-Apr,11-Oct,01-May,26-Jun
401,75,18-Apr,11-Oct,19-Mar,19-Apr
401,77,18-Apr,11-Oct,15-May,28-May
401,220,18-Apr,11-Oct,11-May,26-May
402,66,19-Apr,09-Oct,14-May,29-May
402,67,19-Apr,09-Oct,12-May,01-Jun
402,68,19-Apr,09-Oct,25-May,06-Jun
402,74,19-Apr,09-Oct,04-May,28-Jun
402,75,19-Apr,09-Oct,19-Mar,21-Apr
402,77,19-Apr,09-Oct,17-May,30-May
402,220,19-Apr,09-Oct,12-May,28-May
403,66,21-Apr,09-Oct,14-May,29-May
403,67,21-Apr,09-Oct,12-May,02-Jun
403,68,21-Apr,09-Oct,25-May,06-Jun
403,74,21-Apr,09-Oct,06-May,29-Jun
403,75,21-Apr,09-Oct,18-Mar,21-Apr
403,77,21-Apr,09-Oct,18-May,30-May
403,220,21-Apr,09-Oct,13-May,29-May
404,66,21-Apr,09-Oct,13-May,29-May
404,67,21-Apr,09-Oct,11-May,01-Jun
404,68,21-Apr,09-Oct,24-May,06-Jun
404,74,21-Apr,09-Oct,06-May,28-Jun
404,75,21-Apr,09-Oct,15-Mar,19-Apr
404,77,21-Apr,09-Oct,17-May,30-May
404,220,21-Apr,09-Oct,12-May,28-May
405,66,27-Apr,11-Oct,14-May,29-May
405,67,27-Apr,11-Oct,12-May,01-Jun
405,68,27-Apr,11-Oct,25-May,06-Jun
405,74,27-Apr,11-Oct,06-May,29-Jun
405,75,27-Apr,11-Oct,12-Mar,19-Apr
405,77,27-Apr,11-Oct,17-May,30-May
405,220,27-Apr,11-Oct,12-May,28-May
406,66,27-Apr,13-Oct,16-May,31-May
406,67,27-Apr,13-Oct,14-May,03-Jun
406,68,27-Apr,13-Oct,27-May,08-Jun
406,74,27-Apr,13-Oct,09-May,01-Jul
406,75,27-Apr,13-Oct,15-Mar,22-Apr
406,77,27-Apr,13-Oct,19-May,01-Jun
406,220,27-Apr,13-Oct,15-May,30-May
407,66,29-Apr,07-Oct,21-May,05-Jun
407,67,29-Apr,07-Oct,19-May,08-Jun
407,68,29-Apr,07-Oct,01-Jun,13-Jun
407,74,29-Apr,07-Oct,16-May,09-Jul
407,75,29-Apr,07-Oct,18-Mar,27-Apr
407,77,29-Apr,07-Oct,25-May,06-Jun
407,220,29-Apr,07-Oct,20-May,04-Jun
408,66,29-Apr,08-Oct,23-May,07-Jun
408,67,29-Apr,08-Oct,21-May,10-Jun
408,68,29-Apr,08-Oct,03-Jun,15-Jun
408,74,29-Apr,08-Oct,17-May,11-Jul
408,75,29-Apr,08-Oct,21-Mar,30-Apr
408,77,29-Apr,08-Oct,26-May,08-Jun
408,220,29-Apr,08-Oct,22-May,06-Jun
409,66,29-Apr,13-Oct,24-May,07-Jun
409,67,29-Apr,13-Oct,22-May,10-Jun
409,68,29-Apr,13-Oct,03-Jun,15-Jun
409,74,29-Apr,13-Oct,17-May,10-Jul
409,75,29-Apr,13-Oct,20-Mar,30-Apr
409,77,29-Apr,13-Oct,27-May,08-Jun
409,220,29-Apr,13-Oct,23-May,06-Jun
410,66,25-Apr,23-Oct,25-May,08-Jun
410,67,25-Apr,23-Oct,24-May,11-Jun
410,68,25-Apr,23-Oct,04-Jun,16-Jun
410,74,25-Apr,23-Oct,19-May,08-Jul
410,75,25-Apr,23-Oct,20-Mar,02-May
410,77,25-Apr,23-Oct,28-May,09-Jun
410,220,25-Apr,23-Oct,24-May,08-Jun
411,66,05-Apr,27-Nov,10-Jun,24-Jun
411,67,05-Apr,27-Nov,08-Jun,27-Jun
411,68,05-Apr,27-Nov,20-Jun,02-Jul
411,74,05-Apr,27-Nov,16-Jun,29-Jul
411,75,05-Apr,27-Nov,28-Mar,14-May
411,77,05-Apr,27-Nov,13-Jun,25-Jun
411,220,05-Apr,27-Nov,09-Jun,24-Jun
412,66,24-Mar,06-Dec,08-Jun,23-Jun
412,67,24-Mar,06-Dec,06-Jun,27-Jun
412,68,24-Mar,06-Dec,19-Jun,02-Jul
412,74,24-Mar,06-Dec,19-Jun,01-Aug
412,75,24-Mar,06-Dec,28-Feb,06-May
412,77,24-Mar,06-Dec,12-Jun,25-Jun
412,220,24-Mar,06-Dec,07-Jun,23-Jun
413,66,18-Mar,03-Dec,04-Jun,21-Jun
413,67,18-Mar,03-Dec,01-Jun,24-Jun
413,68,18-Mar,03-Dec,16-Jun,30-Jun
413,74,18-Mar,03-Dec,24-Jun,08-Aug
413,75,18-Mar,03-Dec,30-Jan,22-Apr
413,77,18-Mar,03-Dec,07-Jun,22-Jun
413,220,18-Mar,03-Dec,02-Jun,20-Jun
422,66,22-Dec,21-Dec,25-Mar,28-Apr
422,67,22-Dec,21-Dec,21-Mar,06-May
422,68,22-Dec,21-Dec,19-Apr,16-May
422,74,22-Dec,21-Dec,,
422,75,22-Dec,21-Dec,08-Jan,07-Feb
422,77,22-Dec,21-Dec,02-Apr,01-May
422,220,22-Dec,21-Dec,23-Mar,27-Apr
423,66,14-Apr,31-Oct,18-May,05-Jun
423,67,14-Apr,31-Oct,15-May,09-Jun
423,68,14-Apr,31-Oct,31-May,14-Jun
423,74,14-Apr,31-Oct,26-May,18-Jul
423,75,14-Apr,31-Oct,05-Feb,06-Apr
423,77,14-Apr,31-Oct,22-May,07-Jun
423,220,14-Apr,31-Oct,16-May,04-Jun
424,66,19-Jun,28-Aug,07-Jun,20-Jun
424,67,19-Jun,28-Aug,05-Jun,23-Jun
424,68,19-Jun,28-Aug,16-Jun,28-Jun
424,74,19-Jun,28-Aug,31-May,16-Jul
424,75,19-Jun,28-Aug,12-Apr,15-May
424,77,19-Jun,28-Aug,10-Jun,21-Jun
424,220,19-Jun,28-Aug,06-Jun,20-Jun
425,66,01-Jul,17-Aug,12-Jun,26-Jun
425,67,01-Jul,17-Aug,10-Jun,29-Jun
425,68,01-Jul,17-Aug,22-Jun,03-Jul
425,74,01-Jul,17-Aug,06-Jun,22-Jul
425,75,01-Jul,17-Aug,18-Apr,21-May
425,77,01-Jul,17-Aug,15-Jun,27-Jun
425,220,01-Jul,17-Aug,11-Jun,25-Jun
426,66,26-Jun,21-Aug,12-Jun,25-Jun
426,67,26-Jun,21-Aug,10-Jun,28-Jun
426,68,26-Jun,21-Aug,21-Jun,03-Jul
426,74,26-Jun,21-Aug,06-Jun,22-Jul
426,75,26-Jun,21-Aug,19-Apr,20-May
426,77,26-Jun,21-Aug,14-Jun,26-Jun
426,220,26-Jun,21-Aug,10-Jun,25-Jun
427,66,17-Jun,03-Sep,07-Jun,20-Jun
427,67,17-Jun,03-Sep,05-Jun,23-Jun
427,68,17-Jun,03-Sep,17-Jun,28-Jun
427,74,17-Jun,03-Sep,01-Jun,15-Jul
427,75,17-Jun,03-Sep,15-Apr,17-May
427,77,17-Jun,03-Sep,10-Jun,21-Jun
427,220,17-Jun,03-Sep,06-Jun,20-Jun
428,66,02-Jun,12-Sep,05-Jun,17-Jun
428,67,02-Jun,12-Sep,03-Jun,20-Jun
428,68,02-Jun,12-Sep,14-Jun,25-Jun
428,74,02-Jun,12-Sep,29-May,10-Jul
428,75,02-Jun,12-Sep,11-Apr,15-May
428,77,02-Jun,12-Sep,07-Jun,18-Jun
428,220,02-Jun,12-Sep,03-Jun,17-Jun
429,66,02-Jun,15-Sep,12-Jun,25-Jun
429,67,02-Jun,15-Sep,11-Jun,28-Jun
429,68,02-Jun,15-Sep,21-Jun,02-Jul
429,74,02-Jun,15-Sep,07-Jun,19-Jul
429,75,02-Jun,15-Sep,21-Apr,23-May
429,77,02-Jun,15-Sep,15-Jun,26-Jun
429,220,02-Jun,15-Sep,11-Jun,24-Jun
430,66,14-Jun,06-Sep,26-Jun,09-Jul
430,67,14-Jun,06-Sep,25-Jun,12-Jul
430,68,14-Jun,06-Sep,05-Jul,16-Jul
430,74,14-Jun,06-Sep,23-Jun,
430,75,14-Jun,06-Sep,13-May,08-Jun
430,77,14-Jun,06-Sep,29-Jun,10-Jul
430,220,14-Jun,06-Sep,25-Jun,09-Jul
431,66,17-Jun,07-Sep,03-Jul,16-Jul
431,67,17-Jun,07-Sep,02-Jul,19-Jul
431,68,17-Jun,07-Sep,12-Jul,24-Jul
431,74,17-Jun,07-Sep,28-Jun,
431,75,17-Jun,07-Sep,24-May,17-Jun
431,77,17-Jun,07-Sep,06-Jul,17-Jul
431,220,17-Jun,07-Sep,02-Jul,16-Jul
432,66,28-May,21-Sep,21-Jun,04-Jul
432,67,28-May,21-Sep,19-Jun,07-Jul
432,68,28-May,21-Sep,30-Jun,11-Jul
432,74,28-May,21-Sep,17-Jun,
432,75,28-May,21-Sep,06-May,01-Jun
432,77,28-May,21-Sep,24-Jun,05-Jul
432,220,28-May,21-Sep,20-Jun,03-Jul
433,66,07-May,05-Oct,28-May,12-Jun
433,67,07-May,05-Oct,26-May,15-Jun
433,68,07-May,05-Oct,08-Jun,19-Jun
433,74,07-May,05-Oct,24-May,09-Jul
433,75,07-May,05-Oct,31-Mar,06-May
433,77,07-May,05-Oct,31-May,13-Jun
433,220,07-May,05-Oct,26-May,11-Jun
434,66,23-Apr,09-Oct,06-May,21-May
434,67,23-Apr,09-Oct,04-May,24-May
434,68,23-Apr,09-Oct,17-May,29-May
434,74,23-Apr,09-Oct,30-Apr,19-Jun
434,75,23-Apr,09-Oct,03-Mar,10-Apr
434,77,23-Apr,09-Oct,09-May,22-May
434,220,23-Apr,09-Oct,05-May,20-May
435,66,18-Apr,12-Oct,29-Apr,14-May
435,67,18-Apr,12-Oct,26-Apr,17-May
435,68,18-Apr,12-Oct,10-May,22-May
435,74,18-Apr,12-Oct,17-Apr,10-Jun
435,75,18-Apr,12-Oct,27-Feb,06-Apr
435,77,18-Apr,12-Oct,03-May,15-May
435,220,18-Apr,12-Oct,27-Apr,13-May
436,66,18-Apr,11-Oct,01-May,16-May
436,67,18-Apr,11-Oct,29-Apr,19-May
436,68,18-Apr,11-Oct,12-May,24-May
436,74,18-Apr,11-Oct,18-Apr,12-Jun
436,75,18-Apr,11-Oct,03-Mar,09-Apr
436,77,18-Apr,11-Oct,05-May,17-May
436,220,18-Apr,11-Oct,30-Apr,16-May
437,66,18-Apr,10-Oct,04-May,19-May
437,67,18-Apr,10-Oct,02-May,22-May
437,68,18-Apr,10-Oct,15-May,28-May
437,74,18-Apr,10-Oct,23-Apr,18-Jun
437,75,18-Apr,10-Oct,04-Mar,12-Apr
437,77,18-Apr,10-Oct,08-May,20-May
437,220,18-Apr,10-Oct,03-May,19-May
438,66,15-Apr,18-Oct,03-May,18-May
438,67,15-Apr,18-Oct,01-May,21-May
438,68,15-Apr,18-Oct,14-May,26-May
438,74,15-Apr,18-Oct,22-Apr,18-Jun
438,75,15-Apr,18-Oct,28-Feb,09-Apr
438,77,15-Apr,18-Oct,06-May,19-May
438,220,15-Apr,18-Oct,02-May,17-May
439,66,12-Apr,17-Oct,01-May,17-May
439,67,12-Apr,17-Oct,29-Apr,20-May
439,68,12-Apr,17-Oct,13-May,25-May
439,74,12-Apr,17-Oct,22-Apr,17-Jun
439,75,12-Apr,17-Oct,24-Feb,08-Apr
439,77,12-Apr,17-Oct,05-May,18-May
439,220,12-Apr,17-Oct,30-Apr,16-May
440,66,13-Apr,12-Oct,01-May,17-May
440,67,13-Apr,12-Oct,29-Apr,21-May
440,68,13-Apr,12-Oct,13-May,25-May
440,74,13-Apr,12-Oct,22-Apr,18-Jun
440,75,13-Apr,12-Oct,23-Feb,07-Apr
440,77,13-Apr,12-Oct,05-May,18-May
440,220,13-Apr,12-Oct,30-Apr,17-May
441,66,14-Apr,15-Oct,01-May,17-May
441,67,14-Apr,15-Oct,29-Apr,20-May
441,68,14-Apr,15-Oct,12-May,25-May
441,74,14-Apr,15-Oct,22-Apr,18-Jun
441,75,14-Apr,15-Oct,19-Feb,06-Apr
441,77,14-Apr,15-Oct,05-May,18-May
441,220,14-Apr,15-Oct,30-Apr,16-May
442,66,13-Apr,15-Oct,29-Apr,16-May
442,67,13-Apr,15-Oct,27-Apr,19-May
442,68,13-Apr,15-Oct,11-May,24-May
442,74,13-Apr,15-Oct,21-Apr,18-Jun
442,75,13-Apr,15-Oct,12-Feb,04-Apr
442,77,13-Apr,15-Oct,03-May,17-May
442,220,13-Apr,15-Oct,28-Apr,15-May
443,66,14-Apr,19-Oct,02-May,19-May
443,67,14-Apr,19-Oct,30-Apr,22-May
443,68,14-Apr,19-Oct,14-May,28-May
443,74,14-Apr,19-Oct,25-Apr,23-Jun
443,75,14-Apr,19-Oct,13-Feb,06-Apr
443,77,14-Apr,19-Oct,06-May,20-May
443,220,14-Apr,19-Oct,01-May,18-May
444,66,25-Apr,13-Oct,10-May,26-May
444,67,25-Apr,13-Oct,08-May,29-May
444,68,25-Apr,13-Oct,21-May,03-Jun
444,74,25-Apr,13-Oct,06-May,01-Jul
444,75,25-Apr,13-Oct,22-Feb,13-Apr
444,77,25-Apr,13-Oct,13-May,27-May
444,220,25-Apr,13-Oct,09-May,25-May
445,66,29-Apr,07-Oct,15-May,31-May
445,67,29-Apr,07-Oct,13-May,03-Jun
445,68,29-Apr,07-Oct,26-May,08-Jun
445,74,29-Apr,07-Oct,11-May,06-Jul
445,75,29-Apr,07-Oct,04-Mar,19-Apr
445,77,29-Apr,07-Oct,18-May,01-Jun
445,220,29-Apr,07-Oct,13-May,30-May
446,66,29-Apr,08-Oct,14-May,30-May
446,67,29-Apr,08-Oct,12-May,02-Jun
446,68,29-Apr,08-Oct,26-May,06-Jun
446,74,29-Apr,08-Oct,09-May,02-Jul
446,75,29-Apr,08-Oct,03-Mar,19-Apr
446,77,29-Apr,08-Oct,17-May,31-May
446,220,29-Apr,08-Oct,12-May,29-May
447,66,16-Apr,21-Oct,10-May,25-May
447,67,16-Apr,21-Oct,08-May,29-May
447,68,16-Apr,21-Oct,21-May,02-Jun
447,74,16-Apr,21-Oct,04-May,25-Jun
447,75,16-Apr,21-Oct,21-Feb,14-Apr
447,77,16-Apr,21-Oct,13-May,26-May
447,220,16-Apr,21-Oct,09-May,25-May
448,66,06-Apr,15-Nov,06-May,22-May
448,67,06-Apr,15-Nov,04-May,26-May
448,68,06-Apr,15-Nov,18-May,31-May
448,74,06-Apr,15-Nov,06-May,23-Jun
448,75,06-Apr,15-Nov,08-Feb,08-Apr
448,77,06-Apr,15-Nov,10-May,24-May
448,220,06-Apr,15-Nov,05-May,22-May
461,66,26-Feb,02-Dec,28-Mar,24-Apr
461,67,26-Feb,02-Dec,25-Mar,29-Apr
461,68,26-Feb,02-Dec,17-Apr,07-May
461,74,26-Feb,02-Dec,15-May,11-Jul
461,75,26-Feb,02-Dec,09-Jan,12-Feb
461,77,26-Feb,02-Dec,03-Apr,25-Apr
461,220,26-Feb,02-Dec,26-Mar,23-Apr
462,66,27-May,21-Sep,22-May,06-Jun
462,67,27-May,21-Sep,20-May,09-Jun
462,68,27-May,21-Sep,02-Jun,14-Jun
462,74,27-May,21-Sep,21-May,10-Jul
462,75,27-May,21-Sep,17-Feb,18-Apr
462,77,27-May,21-Sep,25-May,07-Jun
462,220,27-May,21-Sep,21-May,05-Jun
463,66,17-Jun,09-Sep,24-May,09-Jun
463,67,17-Jun,09-Sep,22-May,12-Jun
463,68,17-Jun,09-Sep,05-Jun,16-Jun
463,74,17-Jun,09-Sep,21-May,07-Jul
463,75,17-Jun,09-Sep,19-Mar,28-Apr
463,77,17-Jun,09-Sep,28-May,10-Jun
463,220,17-Jun,09-Sep,23-May,08-Jun
464,66,15-Jun,13-Sep,26-May,10-Jun
464,67,15-Jun,13-Sep,24-May,13-Jun
464,68,15-Jun,13-Sep,06-Jun,17-Jun
464,74,15-Jun,13-Sep,24-May,08-Jul
464,75,15-Jun,13-Sep,28-Mar,02-May
464,77,15-Jun,13-Sep,29-May,11-Jun
464,220,15-Jun,13-Sep,24-May,10-Jun
465,66,30-May,23-Sep,20-May,04-Jun
465,67,30-May,23-Sep,19-May,08-Jun
465,68,30-May,23-Sep,31-May,12-Jun
465,74,30-May,23-Sep,18-May,02-Jul
465,75,30-May,23-Sep,24-Mar,27-Apr
465,77,30-May,23-Sep,23-May,05-Jun
465,220,30-May,23-Sep,19-May,04-Jun
466,66,27-May,24-Sep,19-May,02-Jun
466,67,27-May,24-Sep,18-May,06-Jun
466,68,27-May,24-Sep,30-May,10-Jun
466,74,27-May,24-Sep,16-May,29-Jun
466,75,27-May,24-Sep,23-Mar,26-Apr
466,77,27-May,24-Sep,22-May,04-Jun
466,220,27-May,24-Sep,18-May,02-Jun
467,66,25-May,30-Sep,29-May,12-Jun
467,67,25-May,30-Sep,27-May,15-Jun
467,68,25-May,30-Sep,09-Jun,20-Jun
467,74,25-May,30-Sep,28-May,10-Jul
467,75,25-May,30-Sep,04-Apr,07-May
467,77,25-May,30-Sep,01-Jun,13-Jun
467,220,25-May,30-Sep,28-May,12-Jun
468,66,10-Jun,14-Sep,15-Jun,28-Jun
468,67,10-Jun,14-Sep,13-Jun,01-Jul
468,68,10-Jun,14-Sep,24-Jun,05-Jul
468,74,10-Jun,14-Sep,14-Jun,28-Jul
468,75,10-Jun,14-Sep,25-Apr,25-May
468,77,10-Jun,14-Sep,18-Jun,29-Jun
468,220,10-Jun,14-Sep,14-Jun,28-Jun
469,66,13-Jun,13-Sep,21-Jun,04-Jul
469,67,13-Jun,13-Sep,20-Jun,07-Jul
469,68,13-Jun,13-Sep,30-Jun,11-Jul
469,74,13-Jun,13-Sep,18-Jun,
469,75,13-Jun,13-Sep,08-May,02-Jun
469,77,13-Jun,13-Sep,24-Jun,05-Jul
469,220,13-Jun,13-Sep,20-Jun,03-Jul
470,66,18-May,25-Sep,09-Jun,22-Jun
470,67,18-May,25-Sep,07-Jun,25-Jun
470,68,18-May,25-Sep,18-Jun,29-Jun
470,74,18-May,25-Sep,08-Jun,19-Jul
470,75,18-May,25-Sep,18-Apr,19-May
470,77,18-May,25-Sep,12-Jun,23-Jun
470,220,18-May,25-Sep,08-Jun,21-Jun
471,66,02-May,09-Oct,14-May,29-May
471,67,02-May,09-Oct,12-May,01-Jun
471,68,02-May,09-Oct,25-May,06-Jun
471,74,02-May,09-Oct,09-May,25-Jun
471,75,02-May,09-Oct,15-Mar,20-Apr
471,77,02-May,09-Oct,17-May,30-May
471,220,02-May,09-Oct,12-May,28-May
472,66,16-Apr,16-Oct,21-Apr,07-May
472,67,16-Apr,16-Oct,19-Apr,10-May
472,68,16-Apr,16-Oct,03-May,14-May
472,74,16-Apr,16-Oct,12-Apr,05-Jun
472,75,16-Apr,16-Oct,13-Feb,26-Mar
472,77,16-Apr,16-Oct,24-Apr,08-May
472,220,16-Apr,16-Oct,19-Apr,06-May
473,66,14-Apr,19-Oct,15-Apr,30-Apr
473,67,14-Apr,19-Oct,13-Apr,04-May
473,68,14-Apr,19-Oct,25-Apr,08-May
473,74,14-Apr,19-Oct,01-Apr,27-May
473,75,14-Apr,19-Oct,08-Feb,20-Mar
473,77,14-Apr,19-Oct,18-Apr,01-May
473,220,14-Apr,19-Oct,14-Apr,29-Apr
474,66,13-Apr,19-Oct,17-Apr,03-May
474,67,13-Apr,19-Oct,15-Apr,06-May
474,68,13-Apr,19-Oct,28-Apr,11-May
474,74,13-Apr,19-Oct,03-Apr,30-May
474,75,13-Apr,19-Oct,10-Feb,23-Mar
474,77,13-Apr,19-Oct,20-Apr,04-May
474,220,13-Apr,19-Oct,16-Apr,02-May
475,66,13-Apr,21-Oct,21-Apr,07-May
475,67,13-Apr,21-Oct,19-Apr,10-May
475,68,13-Apr,21-Oct,03-May,15-May
475,74,13-Apr,21-Oct,11-Apr,07-Jun
475,75,13-Apr,21-Oct,11-Feb,26-Mar
475,77,13-Apr,21-Oct,24-Apr,08-May
475,220,13-Apr,21-Oct,20-Apr,06-May
476,66,09-Apr,21-Oct,21-Apr,08-May
476,67,09-Apr,21-Oct,19-Apr,11-May
476,68,09-Apr,21-Oct,03-May,16-May
476,74,09-Apr,21-Oct,15-Apr,10-Jun
476,75,09-Apr,21-Oct,07-Feb,26-Mar
476,77,09-Apr,21-Oct,25-Apr,09-May
476,220,09-Apr,21-Oct,20-Apr,07-May
477,66,08-Apr,21-Oct,20-Apr,06-May
477,67,08-Apr,21-Oct,17-Apr,10-May
477,68,08-Apr,21-Oct,02-May,15-May
477,74,08-Apr,21-Oct,13-Apr,09-Jun
477,75,08-Apr,21-Oct,02-Feb,25-Mar
477,77,08-Apr,21-Oct,23-Apr,08-May
477,220,08-Apr,21-Oct,19-Apr,06-May
478,66,07-Apr,24-Oct,19-Apr,06-May
478,67,07-Apr,24-Oct,17-Apr,10-May
478,68,07-Apr,24-Oct,01-May,14-May
478,74,07-Apr,24-Oct,13-Apr,09-Jun
478,75,07-Apr,24-Oct,31-Jan,24-Mar
478,77,07-Apr,24-Oct,23-Apr,07-May
478,220,07-Apr,24-Oct,17-Apr,05-May
479,66,07-Apr,27-Oct,19-Apr,06-May
479,67,07-Apr,27-Oct,16-Apr,09-May
479,68,07-Apr,27-Oct,01-May,14-May
479,74,07-Apr,27-Oct,14-Apr,09-Jun
479,75,07-Apr,27-Oct,31-Jan,23-Mar
479,77,07-Apr,27-Oct,23-Apr,07-May
479,220,07-Apr,27-Oct,17-Apr,05-May
480,66,06-Apr,27-Oct,20-Apr,07-May
480,67,06-Apr,27-Oct,17-Apr,11-May
480,68,06-Apr,27-Oct,02-May,16-May
480,74,06-Apr,27-Oct,17-Apr,13-Jun
480,75,06-Apr,27-Oct,31-Jan,24-Mar
480,77,06-Apr,27-Oct,24-Apr,08-May
480,220,06-Apr,27-Oct,18-Apr,06-May
481,66,09-Apr,23-Oct,25-Apr,12-May
481,67,09-Apr,23-Oct,22-Apr,16-May
481,68,09-Apr,23-Oct,07-May,21-May
481,74,09-Apr,23-Oct,23-Apr,20-Jun
481,75,09-Apr,23-Oct,02-Feb,28-Mar
481,77,09-Apr,23-Oct,29-Apr,13-May
481,220,09-Apr,23-Oct,23-Apr,12-May
482,66,17-Apr,18-Oct,02-May,19-May
482,67,17-Apr,18-Oct,30-Apr,22-May
482,68,17-Apr,18-Oct,14-May,28-May
482,74,17-Apr,18-Oct,02-May,27-Jun
482,75,17-Apr,18-Oct,08-Feb,04-Apr
482,77,17-Apr,18-Oct,06-May,20-May
482,220,17-Apr,18-Oct,30-Apr,18-May
483,66,24-Apr,15-Oct,04-May,21-May
483,67,24-Apr,15-Oct,02-May,24-May
483,68,24-Apr,15-Oct,16-May,29-May
483,74,24-Apr,15-Oct,03-May,27-Jun
483,75,24-Apr,15-Oct,11-Feb,07-Apr
483,77,24-Apr,15-Oct,07-May,22-May
483,220,24-Apr,15-Oct,02-May,20-May
484,66,15-Apr,19-Oct,29-Apr,15-May
484,67,15-Apr,19-Oct,26-Apr,18-May
484,68,15-Apr,19-Oct,10-May,24-May
484,74,15-Apr,19-Oct,23-Apr,19-Jun
484,75,15-Apr,19-Oct,06-Feb,02-Apr
484,77,15-Apr,19-Oct,02-May,16-May
484,220,15-Apr,19-Oct,27-Apr,14-May
485,66,05-Apr,09-Nov,19-Apr,06-May
485,67,05-Apr,09-Nov,16-Apr,09-May
485,68,05-Apr,09-Nov,01-May,14-May
485,74,05-Apr,09-Nov,14-Apr,10-Jun
485,75,05-Apr,09-Nov,26-Jan,21-Mar
485,77,05-Apr,09-Nov,23-Apr,07-May
485,220,05-Apr,09-Nov,17-Apr,05-May
486,66,27-Feb,10-Dec,06-Apr,26-Apr
486,67,27-Feb,10-Dec,03-Apr,01-May
486,68,27-Feb,10-Dec,21-Apr,07-May
486,74,27-Feb,10-Dec,03-May,20-Jun
486,75,27-Feb,10-Dec,10-Jan,23-Feb
486,77,27-Feb,10-Dec,11-Apr,28-Apr
486,220,27-Feb,10-Dec,04-Apr,25-Apr
499,66,NaT,NaT,19-Feb,17-Mar
499,67,NaT,NaT,16-Feb,23-Mar
499,68,NaT,NaT,09-Mar,01-Apr
499,74,NaT,NaT,20-Jun,
499,75,NaT,NaT,05-Jan,25-Jan
499,77,NaT,NaT,24-Feb,19-Mar
499,220,NaT,NaT,17-Feb,16-Mar
500,66,12-Mar,25-Nov,22-Mar,16-Apr
500,67,12-Mar,25-Nov,18-Mar,21-Apr
500,68,12-Mar,25-Nov,09-Apr,29-Apr
500,74,12-Mar,25-Nov,02-May,02-Jul
500,75,12-Mar,25-Nov,09-Jan,09-Feb
500,77,12-Mar,25-Nov,28-Mar,18-Apr
500,220,12-Mar,25-Nov,20-Mar,15-Apr
501,66,22-Apr,25-Oct,11-Apr,02-May
501,67,22-Apr,25-Oct,08-Apr,07-May
501,68,22-Apr,25-Oct,26-Apr,12-May
501,74,22-Apr,25-Oct,21-Apr,17-Jun
501,75,22-Apr,25-Oct,18-Jan,05-Mar
501,77,22-Apr,25-Oct,16-Apr,04-May
501,220,22-Apr,25-Oct,09-Apr,01-May
502,66,19-Apr,26-Oct,12-Apr,01-May
502,67,19-Apr,26-Oct,10-Apr,05-May
502,68,19-Apr,26-Oct,26-Apr,11-May
502,74,19-Apr,26-Oct,16-Apr,10-Jun
502,75,19-Apr,26-Oct,26-Jan,12-Mar
502,77,19-Apr,26-Oct,17-Apr,03-May
502,220,19-Apr,26-Oct,11-Apr,30-Apr
503,66,08-Apr,29-Oct,12-Apr,29-Apr
503,67,08-Apr,29-Oct,10-Apr,03-May
503,68,08-Apr,29-Oct,24-Apr,08-May
503,74,08-Apr,29-Oct,13-Apr,03-Jun
503,75,08-Apr,29-Oct,31-Jan,14-Mar
503,77,08-Apr,29-Oct,15-Apr,30-Apr
503,220,08-Apr,29-Oct,10-Apr,28-Apr
504,66,01-May,26-Oct,20-Apr,06-May
504,67,01-May,26-Oct,17-Apr,09-May
504,68,01-May,26-Oct,01-May,14-May
504,74,01-May,26-Oct,20-Apr,07-Jun
504,75,01-May,26-Oct,11-Feb,22-Mar
504,77,01-May,26-Oct,23-Apr,07-May
504,220,01-May,26-Oct,18-Apr,05-May
505,66,21-May,12-Oct,10-May,25-May
505,67,21-May,12-Oct,08-May,28-May
505,68,21-May,12-Oct,21-May,02-Jun
505,74,21-May,12-Oct,11-May,24-Jun
505,75,21-May,12-Oct,09-Mar,14-Apr
505,77,21-May,12-Oct,14-May,26-May
505,220,21-May,12-Oct,09-May,24-May
506,66,08-Jun,26-Sep,28-May,11-Jun
506,67,08-Jun,26-Sep,26-May,14-Jun
506,68,08-Jun,26-Sep,07-Jun,18-Jun
506,74,08-Jun,26-Sep,27-May,07-Jul
506,75,08-Jun,26-Sep,04-Apr,05-May
506,77,08-Jun,26-Sep,31-May,12-Jun
506,220,08-Jun,26-Sep,26-May,10-Jun
507,66,30-May,28-Sep,28-May,11-Jun
507,67,30-May,28-Sep,27-May,14-Jun
507,68,30-May,28-Sep,07-Jun,18-Jun
507,74,30-May,28-Sep,27-May,07-Jul
507,75,30-May,28-Sep,06-Apr,06-May
507,77,30-May,28-Sep,31-May,12-Jun
507,220,30-May,28-Sep,27-May,10-Jun
508,66,07-May,09-Oct,13-May,28-May
508,67,07-May,09-Oct,11-May,31-May
508,68,07-May,09-Oct,24-May,04-Jun
508,74,07-May,09-Oct,13-May,24-Jun
508,75,07-May,09-Oct,16-Mar,19-Apr
508,77,07-May,09-Oct,16-May,29-May
508,220,07-May,09-Oct,12-May,27-May
509,66,22-Apr,17-Oct,20-Apr,06-May
509,67,22-Apr,17-Oct,18-Apr,09-May
509,68,22-Apr,17-Oct,02-May,14-May
509,74,22-Apr,17-Oct,14-Apr,04-Jun
509,75,22-Apr,17-Oct,12-Feb,26-Mar
509,77,22-Apr,17-Oct,24-Apr,07-May
509,220,22-Apr,17-Oct,19-Apr,06-May
510,66,11-Apr,20-Oct,04-Apr,20-Apr
510,67,11-Apr,20-Oct,02-Apr,24-Apr
510,68,11-Apr,20-Oct,16-Apr,29-Apr
510,74,11-Apr,20-Oct,24-Mar,18-May
510,75,11-Apr,20-Oct,28-Jan,09-Mar
510,77,11-Apr,20-Oct,08-Apr,21-Apr
510,220,11-Apr,20-Oct,03-Apr,20-Apr
511,66,06-Apr,26-Oct,30-Mar,16-Apr
511,67,06-Apr,26-Oct,27-Mar,19-Apr
511,68,06-Apr,26-Oct,11-Apr,23-Apr
511,74,06-Apr,26-Oct,18-Mar,13-May
511,75,06-Apr,26-Oct,24-Jan,05-Mar
511,77,06-Apr,26-Oct,03-Apr,17-Apr
511,220,06-Apr,26-Oct,28-Mar,15-Apr
512,66,05-Apr,29-Oct,30-Mar,16-Apr
512,67,05-Apr,29-Oct,28-Mar,20-Apr
512,68,05-Apr,29-Oct,12-Apr,25-Apr
512,74,05-Apr,29-Oct,17-Mar,16-May
512,75,05-Apr,29-Oct,24-Jan,06-Mar
512,77,05-Apr,29-Oct,04-Apr,18-Apr
512,220,05-Apr,29-Oct,29-Mar,16-Apr
513,66,06-Apr,26-Oct,05-Apr,21-Apr
513,67,06-Apr,26-Oct,02-Apr,24-Apr
513,68,06-Apr,26-Oct,16-Apr,29-Apr
513,74,06-Apr,26-Oct,25-Mar,23-May
513,75,06-Apr,26-Oct,25-Jan,10-Mar
513,77,06-Apr,26-Oct,08-Apr,22-Apr
513,220,06-Apr,26-Oct,03-Apr,20-Apr
514,66,05-Apr,29-Oct,07-Apr,23-Apr
514,67,05-Apr,29-Oct,04-Apr,27-Apr
514,68,05-Apr,29-Oct,19-Apr,02-May
514,74,05-Apr,29-Oct,30-Mar,29-May
514,75,05-Apr,29-Oct,24-Jan,11-Mar
514,77,05-Apr,29-Oct,10-Apr,24-Apr
514,220,05-Apr,29-Oct,06-Apr,23-Apr
515,66,06-Apr,27-Oct,07-Apr,24-Apr
515,67,06-Apr,27-Oct,05-Apr,28-Apr
515,68,06-Apr,27-Oct,20-Apr,03-May
515,74,06-Apr,27-Oct,31-Mar,31-May
515,75,06-Apr,27-Oct,22-Jan,10-Mar
515,77,06-Apr,27-Oct,11-Apr,25-Apr
515,220,06-Apr,27-Oct,06-Apr,24-Apr
516,66,31-Mar,29-Oct,06-Apr,23-Apr
516,67,31-Mar,29-Oct,03-Apr,27-Apr
516,68,31-Mar,29-Oct,18-Apr,02-May
516,74,31-Mar,29-Oct,01-Apr,30-May
516,75,31-Mar,29-Oct,21-Jan,09-Mar
516,77,31-Mar,29-Oct,10-Apr,24-Apr
516,220,31-Mar,29-Oct,04-Apr,23-Apr
517,66,27-Mar,31-Oct,07-Apr,25-Apr
517,67,27-Mar,31-Oct,05-Apr,28-Apr
517,68,27-Mar,31-Oct,20-Apr,04-May
517,74,27-Mar,31-Oct,04-Apr,02-Jun
517,75,27-Mar,31-Oct,21-Jan,10-Mar
517,77,27-Mar,31-Oct,10-Apr,26-Apr
517,220,27-Mar,31-Oct,05-Apr,24-Apr
518,66,05-Apr,26-Oct,11-Apr,30-Apr
518,67,05-Apr,26-Oct,09-Apr,03-May
518,68,05-Apr,26-Oct,25-Apr,09-May
518,74,05-Apr,26-Oct,12-Apr,09-Jun
518,75,05-Apr,26-Oct,23-Jan,13-Mar
518,77,05-Apr,26-Oct,15-Apr,01-May
518,220,05-Apr,26-Oct,10-Apr,29-Apr
519,66,09-Apr,20-Oct,17-Apr,05-May
519,67,09-Apr,20-Oct,14-Apr,09-May
519,68,09-Apr,20-Oct,30-Apr,14-May
519,74,09-Apr,20-Oct,21-Apr,17-Jun
519,75,09-Apr,20-Oct,27-Jan,19-Mar
519,77,09-Apr,20-Oct,21-Apr,06-May
519,220,09-Apr,20-Oct,15-Apr,05-May
520,66,12-Apr,22-Oct,18-Apr,06-May
520,67,12-Apr,22-Oct,15-Apr,10-May
520,68,12-Apr,22-Oct,01-May,15-May
520,74,12-Apr,22-Oct,20-Apr,17-Jun
520,75,12-Apr,22-Oct,25-Jan,19-Mar
520,77,12-Apr,22-Oct,21-Apr,07-May
520,220,12-Apr,22-Oct,16-Apr,05-May
521,66,06-Apr,28-Oct,12-Apr,30-Apr
521,67,06-Apr,28-Oct,09-Apr,04-May
521,68,06-Apr,28-Oct,25-Apr,09-May
521,74,06-Apr,28-Oct,11-Apr,10-Jun
521,75,06-Apr,28-Oct,21-Jan,12-Mar
521,77,06-Apr,28-Oct,16-Apr,02-May
521,220,06-Apr,28-Oct,10-Apr,30-Apr
522,66,23-Mar,14-Nov,02-Apr,20-Apr
522,67,23-Mar,14-Nov,30-Mar,24-Apr
522,68,23-Mar,14-Nov,15-Apr,29-Apr
522,74,23-Mar,14-Nov,29-Mar,01-Jun
522,75,23-Mar,14-Nov,12-Jan,28-Feb
522,77,23-Mar,14-Nov,05-Apr,21-Apr
522,220,23-Mar,14-Nov,31-Mar,19-Apr
523,66,10-Mar,02-Dec,17-Mar,07-Apr
523,67,10-Mar,02-Dec,14-Mar,11-Apr
523,68,10-Mar,02-Dec,02-Apr,17-Apr
523,74,10-Mar,02-Dec,04-Mar,24-May
523,75,10-Mar,02-Dec,09-Jan,13-Feb
523,77,10-Mar,02-Dec,22-Mar,08-Apr
523,220,10-Mar,02-Dec,15-Mar,06-Apr
524,66,28-Jan,05-Feb,18-Feb,13-Mar
524,67,28-Jan,05-Feb,16-Feb,17-Mar
524,68,28-Jan,05-Feb,06-Mar,25-Mar
524,74,28-Jan,05-Feb,05-Feb,18-May
524,75,28-Jan,05-Feb,05-Jan,25-Jan
524,77,28-Jan,05-Feb,23-Feb,14-Mar
524,220,28-Jan,05-Feb,17-Feb,12-Mar
538,66,NaT,NaT,13-Feb,09-Mar
538,67,NaT,NaT,10-Feb,15-Mar
538,68,NaT,NaT,02-Mar,24-Mar
538,74,NaT,NaT,19-Jun,
538,75,NaT,NaT,04-Jan,22-Jan
538,77,NaT,NaT,18-Feb,11-Mar
538,220,NaT,NaT,11-Feb,08-Mar
539,66,NaT,NaT,22-Feb,19-Mar
539,67,NaT,NaT,18-Feb,25-Mar
539,68,NaT,NaT,12-Mar,02-Apr
539,74,NaT,NaT,29-May,13-Aug
539,75,NaT,NaT,05-Jan,25-Jan
539,77,NaT,NaT,27-Feb,21-Mar
539,220,NaT,NaT,20-Feb,18-Mar
540,66,27-Feb,22-Nov,01-Mar,21-Mar
540,67,27-Feb,22-Nov,27-Feb,25-Mar
540,68,27-Feb,22-Nov,16-Mar,31-Mar
540,74,27-Feb,22-Nov,17-Mar,22-May
540,75,27-Feb,22-Nov,07-Jan,01-Feb
540,77,27-Feb,22-Nov,05-Mar,22-Mar
540,220,27-Feb,22-Nov,27-Feb,20-Mar
541,66,06-Mar,14-Nov,05-Mar,23-Mar
541,67,06-Mar,14-Nov,02-Mar,27-Mar
541,68,06-Mar,14-Nov,18-Mar,02-Apr
541,74,06-Mar,14-Nov,13-Mar,11-May
541,75,06-Mar,14-Nov,09-Jan,04-Feb
541,77,06-Mar,14-Nov,09-Mar,25-Mar
541,220,06-Mar,14-Nov,03-Mar,22-Mar
542,66,01-Apr,09-Nov,18-Mar,05-Apr
542,67,01-Apr,09-Nov,16-Mar,09-Apr
542,68,01-Apr,09-Nov,31-Mar,15-Apr
542,74,01-Apr,09-Nov,24-Mar,20-May
542,75,01-Apr,09-Nov,12-Jan,15-Feb
542,77,01-Apr,09-Nov,22-Mar,07-Apr
542,220,01-Apr,09-Nov,17-Mar,05-Apr
543,66,08-May,27-Oct,13-Apr,01-May
543,67,08-May,27-Oct,11-Apr,04-May
543,68,08-May,27-Oct,26-Apr,09-May
543,74,08-May,27-Oct,20-Apr,06-Jun
543,75,08-May,27-Oct,27-Jan,12-Mar
543,77,08-May,27-Oct,17-Apr,02-May
543,220,08-May,27-Oct,11-Apr,30-Apr
544,66,25-May,13-Oct,04-May,19-May
544,67,25-May,13-Oct,02-May,22-May
544,68,25-May,13-Oct,15-May,27-May
544,74,25-May,13-Oct,08-May,19-Jun
544,75,25-May,13-Oct,27-Feb,05-Apr
544,77,25-May,13-Oct,08-May,20-May
544,220,25-May,13-Oct,03-May,19-May
545,66,16-May,09-Oct,30-Apr,15-May
545,67,16-May,09-Oct,28-Apr,18-May
545,68,16-May,09-Oct,11-May,23-May
545,74,16-May,09-Oct,02-May,14-Jun
545,75,16-May,09-Oct,23-Feb,02-Apr
545,77,16-May,09-Oct,03-May,16-May
545,220,16-May,09-Oct,28-Apr,14-May
546,66,22-Apr,23-Oct,11-Apr,27-Apr
546,67,22-Apr,23-Oct,09-Apr,01-May
546,68,22-Apr,23-Oct,23-Apr,05-May
546,74,22-Apr,23-Oct,11-Apr,30-May
546,75,22-Apr,23-Oct,02-Feb,14-Mar
546,77,22-Apr,23-Oct,15-Apr,28-Apr
546,220,22-Apr,23-Oct,10-Apr,27-Apr
547,66,15-Apr,23-Oct,29-Mar,15-Apr
547,67,15-Apr,23-Oct,27-Mar,18-Apr
547,68,15-Apr,23-Oct,11-Apr,24-Apr
547,74,15-Apr,23-Oct,25-Mar,17-May
547,75,15-Apr,23-Oct,24-Jan,03-Mar
547,77,15-Apr,23-Oct,02-Apr,16-Apr
547,220,15-Apr,23-Oct,28-Mar,15-Apr
548,66,12-Apr,23-Oct,24-Mar,10-Apr
548,67,12-Apr,23-Oct,21-Mar,13-Apr
548,68,12-Apr,23-Oct,05-Apr,18-Apr
548,74,12-Apr,23-Oct,16-Mar,10-May
548,75,12-Apr,23-Oct,20-Jan,27-Feb
548,77,12-Apr,23-Oct,27-Mar,11-Apr
548,220,12-Apr,23-Oct,22-Mar,09-Apr
549,66,09-Apr,27-Oct,21-Mar,06-Apr
549,67,09-Apr,27-Oct,18-Mar,10-Apr
549,68,09-Apr,27-Oct,01-Apr,15-Apr
549,74,09-Apr,27-Oct,10-Mar,08-May
549,75,09-Apr,27-Oct,19-Jan,24-Feb
549,77,09-Apr,27-Oct,24-Mar,08-Apr
549,220,09-Apr,27-Oct,19-Mar,06-Apr
550,66,31-Mar,04-Nov,18-Mar,04-Apr
550,67,31-Mar,04-Nov,16-Mar,07-Apr
550,68,31-Mar,04-Nov,30-Mar,13-Apr
550,74,31-Mar,04-Nov,06-Mar,06-May
550,75,31-Mar,04-Nov,17-Jan,21-Feb
550,77,31-Mar,04-Nov,21-Mar,05-Apr
550,220,31-Mar,04-Nov,17-Mar,03-Apr
551,66,30-Mar,03-Nov,19-Mar,06-Apr
551,67,30-Mar,03-Nov,17-Mar,09-Apr
551,68,30-Mar,03-Nov,31-Mar,14-Apr
551,74,30-Mar,03-Nov,06-Mar,10-May
551,75,30-Mar,03-Nov,17-Jan,21-Feb
551,77,30-Mar,03-Nov,23-Mar,07-Apr
551,220,30-Mar,03-Nov,18-Mar,05-Apr
552,66,02-Apr,03-Nov,22-Mar,09-Apr
552,67,02-Apr,03-Nov,20-Mar,12-Apr
552,68,02-Apr,03-Nov,04-Apr,18-Apr
552,74,02-Apr,03-Nov,13-Mar,16-May
552,75,02-Apr,03-Nov,16-Jan,23-Feb
552,77,02-Apr,03-Nov,26-Mar,10-Apr
552,220,02-Apr,03-Nov,21-Mar,08-Apr
553,66,01-Apr,29-Oct,23-Mar,10-Apr
553,67,01-Apr,29-Oct,21-Mar,14-Apr
553,68,01-Apr,29-Oct,06-Apr,20-Apr
553,74,01-Apr,29-Oct,13-Mar,18-May
553,75,01-Apr,29-Oct,16-Jan,23-Feb
553,77,01-Apr,29-Oct,27-Mar,11-Apr
553,220,01-Apr,29-Oct,22-Mar,09-Apr
554,66,31-Mar,28-Oct,21-Mar,09-Apr
554,67,31-Mar,28-Oct,18-Mar,12-Apr
554,68,31-Mar,28-Oct,04-Apr,18-Apr
554,74,31-Mar,28-Oct,11-Mar,18-May
554,75,31-Mar,28-Oct,14-Jan,20-Feb
554,77,31-Mar,28-Oct,25-Mar,10-Apr
554,220,31-Mar,28-Oct,19-Mar,08-Apr
555,66,26-Mar,30-Oct,22-Mar,10-Apr
555,67,26-Mar,30-Oct,19-Mar,13-Apr
555,68,26-Mar,30-Oct,05-Apr,19-Apr
555,74,26-Mar,30-Oct,13-Mar,21-May
555,75,26-Mar,30-Oct,14-Jan,20-Feb
555,77,26-Mar,30-Oct,26-Mar,11-Apr
555,220,26-Mar,30-Oct,20-Mar,09-Apr
556,66,04-Apr,27-Oct,28-Mar,16-Apr
556,67,04-Apr,27-Oct,25-Mar,20-Apr
556,68,04-Apr,27-Oct,10-Apr,26-Apr
556,74,04-Apr,27-Oct,28-Mar,30-May
556,75,04-Apr,27-Oct,15-Jan,25-Feb
556,77,04-Apr,27-Oct,01-Apr,17-Apr
556,220,04-Apr,27-Oct,26-Mar,15-Apr
557,66,07-Apr,24-Oct,31-Mar,19-Apr
557,67,07-Apr,24-Oct,29-Mar,23-Apr
557,68,07-Apr,24-Oct,14-Apr,29-Apr
557,74,07-Apr,24-Oct,05-Apr,04-Jun
557,75,07-Apr,24-Oct,16-Jan,28-Feb
557,77,07-Apr,24-Oct,04-Apr,21-Apr
557,220,07-Apr,24-Oct,30-Mar,19-Apr
558,66,23-Mar,03-Nov,25-Mar,13-Apr
558,67,23-Mar,03-Nov,22-Mar,17-Apr
558,68,23-Mar,03-Nov,07-Apr,23-Apr
558,74,23-Mar,03-Nov,24-Mar,30-May
558,75,23-Mar,03-Nov,12-Jan,20-Feb
558,77,23-Mar,03-Nov,29-Mar,14-Apr
558,220,23-Mar,03-Nov,23-Mar,12-Apr
559,66,03-Mar,02-Dec,07-Mar,29-Mar
559,67,03-Mar,02-Dec,04-Mar,02-Apr
559,68,03-Mar,02-Dec,23-Mar,08-Apr
559,74,03-Mar,02-Dec,20-Feb,18-May
559,75,03-Mar,02-Dec,08-Jan,07-Feb
559,77,03-Mar,02-Dec,12-Mar,30-Mar
559,220,03-Mar,02-Dec,05-Mar,28-Mar
560,66,31-Jan,07-Feb,10-Feb,28-Feb
560,67,31-Jan,07-Feb,08-Feb,05-Mar
560,68,31-Jan,07-Feb,23-Feb,11-Mar
560,74,31-Jan,07-Feb,18-Jan,25-Apr
560,75,31-Jan,07-Feb,04-Jan,21-Jan
560,77,31-Jan,07-Feb,14-Feb,02-Mar
560,220,31-Jan,07-Feb,09-Feb,27-Feb
579,66,29-Feb,17-Nov,19-Feb,09-Mar
579,67,29-Feb,17-Nov,16-Feb,13-Mar
579,68,29-Feb,17-Nov,04-Mar,19-Mar
579,74,29-Feb,17-Nov,25-Feb,03-May
579,75,29-Feb,17-Nov,06-Jan,27-Jan
579,77,29-Feb,17-Nov,23-Feb,10-Mar
579,220,29-Feb,17-Nov,17-Feb,09-Mar
580,66,28-Mar,14-Nov,24-Feb,14-Mar
580,67,28-Mar,14-Nov,22-Feb,18-Mar
580,68,28-Mar,14-Nov,09-Mar,24-Mar
580,74,28-Mar,14-Nov,27-Feb,03-May
580,75,28-Mar,14-Nov,07-Jan,30-Jan
580,77,28-Mar,14-Nov,28-Feb,15-Mar
580,220,28-Mar,14-Nov,23-Feb,14-Mar
581,66,18-Apr,11-Nov,13-Mar,01-Apr
581,67,18-Apr,11-Nov,10-Mar,05-Apr
581,68,18-Apr,11-Nov,27-Mar,11-Apr
581,74,18-Apr,11-Nov,25-Mar,20-May
581,75,18-Apr,11-Nov,09-Jan,10-Feb
581,77,18-Apr,11-Nov,17-Mar,02-Apr
581,220,18-Apr,11-Nov,11-Mar,31-Mar
582,66,10-May,30-Oct,04-Apr,23-Apr
582,67,10-May,30-Oct,02-Apr,27-Apr
582,68,10-May,30-Oct,18-Apr,02-May
582,74,10-May,30-Oct,16-Apr,04-Jun
582,75,10-May,30-Oct,20-Jan,03-Mar
582,77,10-May,30-Oct,08-Apr,24-Apr
582,220,10-May,30-Oct,03-Apr,22-Apr
583,66,01-May,26-Oct,05-Apr,23-Apr
583,67,01-May,26-Oct,03-Apr,27-Apr
583,68,01-May,26-Oct,18-Apr,02-May
583,74,01-May,26-Oct,12-Apr,30-May
583,75,01-May,26-Oct,26-Jan,06-Mar
583,77,01-May,26-Oct,09-Apr,24-Apr
583,220,01-May,26-Oct,04-Apr,22-Apr
584,66,12-Apr,31-Oct,21-Mar,07-Apr
584,67,12-Apr,31-Oct,19-Mar,11-Apr
584,68,12-Apr,31-Oct,02-Apr,16-Apr
584,74,12-Apr,31-Oct,24-Mar,14-May
584,75,12-Apr,31-Oct,17-Jan,22-Feb
584,77,12-Apr,31-Oct,25-Mar,08-Apr
584,220,12-Apr,31-Oct,19-Mar,06-Apr
585,66,11-Apr,06-Nov,12-Mar,29-Mar
585,67,11-Apr,06-Nov,10-Mar,01-Apr
585,68,11-Apr,06-Nov,24-Mar,07-Apr
585,74,11-Apr,06-Nov,09-Mar,03-May
585,75,11-Apr,06-Nov,13-Jan,15-Feb
585,77,11-Apr,06-Nov,16-Mar,30-Mar
585,220,11-Apr,06-Nov,11-Mar,28-Mar
586,66,06-Apr,02-Nov,12-Mar,28-Mar
586,67,06-Apr,02-Nov,10-Mar,31-Mar
586,68,06-Apr,02-Nov,23-Mar,06-Apr
586,74,06-Apr,02-Nov,03-Mar,30-Apr
586,75,06-Apr,02-Nov,14-Jan,15-Feb
586,77,06-Apr,02-Nov,15-Mar,29-Mar
586,220,06-Apr,02-Nov,11-Mar,27-Mar
587,66,03-Apr,05-Nov,11-Mar,27-Mar
587,67,03-Apr,05-Nov,09-Mar,31-Mar
587,68,03-Apr,05-Nov,22-Mar,06-Apr
587,74,03-Apr,05-Nov,27-Feb,30-Apr
587,75,03-Apr,05-Nov,14-Jan,15-Feb
587,77,03-Apr,05-Nov,15-Mar,28-Mar
587,220,03-Apr,05-Nov,10-Mar,27-Mar
588,66,23-Mar,06-Nov,06-Mar,23-Mar
588,67,23-Mar,06-Nov,04-Mar,27-Mar
588,68,23-Mar,06-Nov,19-Mar,01-Apr
588,74,23-Mar,06-Nov,17-Feb,27-Apr
588,75,23-Mar,06-Nov,12-Jan,10-Feb
588,77,23-Mar,06-Nov,11-Mar,24-Mar
588,220,23-Mar,06-Nov,05-Mar,22-Mar
589,66,13-Mar,13-Nov,03-Mar,21-Mar
589,67,13-Mar,13-Nov,01-Mar,24-Mar
589,68,13-Mar,13-Nov,16-Mar,30-Mar
589,74,13-Mar,13-Nov,11-Feb,27-Apr
589,75,13-Mar,13-Nov,10-Jan,07-Feb
589,77,13-Mar,13-Nov,07-Mar,22-Mar
589,220,13-Mar,13-Nov,01-Mar,20-Mar
590,66,04-Mar,26-Nov,04-Mar,22-Mar
590,67,04-Mar,26-Nov,02-Mar,26-Mar
590,68,04-Mar,26-Nov,17-Mar,01-Apr
590,74,04-Mar,26-Nov,17-Feb,03-May
590,75,04-Mar,26-Nov,09-Jan,07-Feb
590,77,04-Mar,26-Nov,09-Mar,24-Mar
590,220,04-Mar,26-Nov,02-Mar,22-Mar
591,66,08-Mar,27-Nov,05-Mar,24-Mar
591,67,08-Mar,27-Nov,02-Mar,28-Mar
591,68,08-Mar,27-Nov,19-Mar,03-Apr
591,74,08-Mar,27-Nov,20-Feb,07-May
591,75,08-Mar,27-Nov,09-Jan,06-Feb
591,77,08-Mar,27-Nov,09-Mar,25-Mar
591,220,08-Mar,27-Nov,03-Mar,23-Mar
592,66,08-Mar,27-Nov,02-Mar,22-Mar
592,67,08-Mar,27-Nov,28-Feb,27-Mar
592,68,08-Mar,27-Nov,17-Mar,02-Apr
592,74,08-Mar,27-Nov,15-Feb,06-May
592,75,08-Mar,27-Nov,08-Jan,05-Feb
592,77,08-Mar,27-Nov,07-Mar,24-Mar
592,220,08-Mar,27-Nov,01-Mar,21-Mar
593,66,03-Mar,27-Nov,01-Mar,21-Mar
593,67,03-Mar,27-Nov,26-Feb,25-Mar
593,68,03-Mar,27-Nov,15-Mar,31-Mar
593,74,03-Mar,27-Nov,07-Feb,07-May
593,75,03-Mar,27-Nov,08-Jan,03-Feb
593,77,03-Mar,27-Nov,05-Mar,22-Mar
593,220,03-Mar,27-Nov,27-Feb,20-Mar
594,66,02-Mar,20-Nov,03-Mar,24-Mar
594,67,02-Mar,20-Nov,01-Mar,28-Mar
594,68,02-Mar,20-Nov,18-Mar,03-Apr
594,74,02-Mar,20-Nov,12-Feb,12-May
594,75,02-Mar,20-Nov,08-Jan,06-Feb
594,77,02-Mar,20-Nov,07-Mar,25-Mar
594,220,02-Mar,20-Nov,02-Mar,23-Mar
595,66,07-Mar,19-Nov,04-Mar,25-Mar
595,67,07-Mar,19-Nov,01-Mar,29-Mar
595,68,07-Mar,19-Nov,19-Mar,04-Apr
595,74,07-Mar,19-Nov,16-Feb,13-May
595,75,07-Mar,19-Nov,08-Jan,06-Feb
595,77,07-Mar,19-Nov,08-Mar,26-Mar
595,220,07-Mar,19-Nov,02-Mar,24-Mar
596,66,19-Feb,03-Dec,21-Feb,13-Mar
596,67,19-Feb,03-Dec,19-Feb,17-Mar
596,68,19-Feb,03-Dec,07-Mar,24-Mar
596,74,19-Feb,03-Dec,30-Jan,03-May
596,75,19-Feb,03-Dec,06-Jan,28-Jan
596,77,19-Feb,03-Dec,25-Feb,14-Mar
596,220,19-Feb,03-Dec,20-Feb,12-Mar
597,66,24-Jan,04-Feb,02-Feb,18-Feb
597,67,24-Jan,04-Feb,31-Jan,21-Feb
597,68,24-Jan,04-Feb,13-Feb,27-Feb
597,74,24-Jan,04-Feb,11-Jan,04-Apr
597,75,24-Jan,04-Feb,04-Jan,17-Jan
597,77,24-Jan,04-Feb,05-Feb,19-Feb
597,220,24-Jan,04-Feb,31-Jan,17-Feb
622,66,09-Apr,04-Nov,15-Mar,01-Apr
622,67,09-Apr,04-Nov,12-Mar,05-Apr
622,68,09-Apr,04-Nov,27-Mar,11-Apr
622,74,09-Apr,04-Nov,22-Mar,13-May
622,75,09-Apr,04-Nov,13-Jan,15-Feb
622,77,09-Apr,04-Nov,18-Mar,03-Apr
622,220,09-Apr,04-Nov,13-Mar,01-Apr
623,66,23-Mar,13-Nov,01-Mar,18-Mar
623,67,23-Mar,13-Nov,27-Feb,22-Mar
623,68,23-Mar,13-Nov,13-Mar,27-Mar
623,74,23-Mar,13-Nov,24-Feb,25-Apr
623,75,23-Mar,13-Nov,09-Jan,05-Feb
623,77,23-Mar,13-Nov,05-Mar,19-Mar
623,220,23-Mar,13-Nov,28-Feb,17-Mar
624,66,18-Mar,17-Nov,24-Feb,13-Mar
624,67,18-Mar,17-Nov,21-Feb,16-Mar
624,68,18-Mar,17-Nov,08-Mar,21-Mar
624,74,18-Mar,17-Nov,11-Feb,14-Apr
624,75,18-Mar,17-Nov,09-Jan,02-Feb
624,77,18-Mar,17-Nov,27-Feb,14-Mar
624,220,18-Mar,17-Nov,22-Feb,12-Mar
625,66,15-Mar,10-Nov,22-Feb,12-Mar
625,67,15-Mar,10-Nov,21-Feb,15-Mar
625,68,15-Mar,10-Nov,07-Mar,20-Mar
625,74,15-Mar,10-Nov,04-Feb,13-Apr
625,75,15-Mar,10-Nov,08-Jan,02-Feb
625,77,15-Mar,10-Nov,26-Feb,13-Mar
625,220,15-Mar,10-Nov,21-Feb,11-Mar
626,66,06-Mar,18-Nov,19-Feb,08-Mar
626,67,06-Mar,18-Nov,17-Feb,12-Mar
626,68,06-Mar,18-Nov,03-Mar,17-Mar
626,74,06-Mar,18-Nov,25-Jan,12-Apr
626,75,06-Mar,18-Nov,07-Jan,29-Jan
626,77,06-Mar,18-Nov,22-Feb,09-Mar
626,220,06-Mar,18-Nov,17-Feb,07-Mar
627,66,12-Feb,01-Dec,13-Feb,02-Mar
627,67,12-Feb,01-Dec,11-Feb,06-Mar
627,68,12-Feb,01-Dec,25-Feb,12-Mar
627,74,12-Feb,01-Dec,23-Jan,12-Apr
627,75,12-Feb,01-Dec,06-Jan,25-Jan
627,77,12-Feb,01-Dec,17-Feb,04-Mar
627,220,12-Feb,01-Dec,12-Feb,01-Mar
628,66,14-Jul,22-Dec,06-Feb,22-Feb
628,67,14-Jul,22-Dec,03-Feb,26-Feb
628,68,14-Jul,22-Dec,17-Feb,04-Mar
628,74,14-Jul,22-Dec,18-Jan,14-Apr
628,75,14-Jul,22-Dec,04-Jan,19-Jan
628,77,14-Jul,22-Dec,09-Feb,24-Feb
628,220,14-Jul,22-Dec,04-Feb,22-Feb
629,66,08-Jul,22-Dec,05-Feb,22-Feb
629,67,08-Jul,22-Dec,03-Feb,26-Feb
629,68,08-Jul,22-Dec,17-Feb,04-Mar
629,74,08-Jul,22-Dec,19-Jan,17-Apr
629,75,08-Jul,22-Dec,04-Jan,19-Jan
629,77,08-Jul,22-Dec,09-Feb,23-Feb
629,220,08-Jul,22-Dec,04-Feb,22-Feb
630,66,21-Jan,30-Jun,05-Feb,22-Feb
630,67,21-Jan,30-Jun,03-Feb,25-Feb
630,68,21-Jan,30-Jun,17-Feb,04-Mar
630,74,21-Jan,30-Jun,16-Jan,15-Apr
630,75,21-Jan,30-Jun,04-Jan,19-Jan
630,77,21-Jan,30-Jun,08-Feb,23-Feb
630,220,21-Jan,30-Jun,04-Feb,21-Feb
631,66,21-Jan,30-Jun,03-Feb,20-Feb
631,67,21-Jan,30-Jun,01-Feb,23-Feb
631,68,21-Jan,30-Jun,15-Feb,01-Mar
631,74,21-Jan,30-Jun,13-Jan,10-Apr
631,75,21-Jan,30-Jun,04-Jan,18-Jan
631,77,21-Jan,30-Jun,07-Feb,21-Feb
631,220,21-Jan,30-Jun,02-Feb,19-Feb
632,66,24-Jan,09-Jul,03-Feb,20-Feb
632,67,24-Jan,09-Jul,01-Feb,23-Feb
632,68,24-Jan,09-Jul,15-Feb,01-Mar
632,74,24-Jan,09-Jul,13-Jan,10-Apr
632,75,24-Jan,09-Jul,04-Jan,18-Jan
632,77,24-Jan,09-Jul,07-Feb,21-Feb
632,220,24-Jan,09-Jul,02-Feb,19-Feb
633,66,26-Jan,05-Feb,04-Feb,20-Feb
633,67,26-Jan,05-Feb,02-Feb,24-Feb
633,68,26-Jan,05-Feb,16-Feb,02-Mar
633,74,26-Jan,05-Feb,13-Jan,11-Apr
633,75,26-Jan,05-Feb,04-Jan,18-Jan
633,77,26-Jan,05-Feb,07-Feb,22-Feb
633,220,26-Jan,05-Feb,03-Feb,20-Feb
634,66,27-Jan,29-Jan,06-Feb,22-Feb
634,67,27-Jan,29-Jan,03-Feb,25-Feb
634,68,27-Jan,29-Jan,17-Feb,03-Mar
634,74,27-Jan,29-Jan,13-Jan,04-Apr
634,75,27-Jan,29-Jan,04-Jan,20-Jan
634,77,27-Jan,29-Jan,09-Feb,23-Feb
634,220,27-Jan,29-Jan,04-Feb,21-Feb
635,66,NaT,NaT,26-Jan,09-Feb
635,67,NaT,NaT,24-Jan,12-Feb
635,68,NaT,NaT,04-Feb,17-Feb
635,74,NaT,NaT,05-Jan,05-Mar
635,75,NaT,NaT,03-Jan,15-Jan
635,77,NaT,NaT,29-Jan,10-Feb
635,220,NaT,NaT,25-Jan,08-Feb
663,66,05-Mar,17-Nov,10-Feb,25-Feb
663,67,05-Mar,17-Nov,08-Feb,01-Mar
663,68,05-Mar,17-Nov,21-Feb,06-Mar
663,74,05-Mar,17-Nov,19-Jan,25-Mar
663,75,05-Mar,17-Nov,06-Jan,24-Jan
663,77,05-Mar,17-Nov,14-Feb,26-Feb
663,220,05-Mar,17-Nov,09-Feb,25-Feb
664,66,12-Feb,30-Nov,06-Feb,21-Feb
664,67,12-Feb,30-Nov,04-Feb,24-Feb
664,68,12-Feb,30-Nov,17-Feb,01-Mar
664,74,12-Feb,30-Nov,13-Jan,23-Mar
664,75,12-Feb,30-Nov,05-Jan,21-Jan
664,77,12-Feb,30-Nov,09-Feb,22-Feb
664,220,12-Feb,30-Nov,04-Feb,20-Feb
665,66,23-Dec,23-Dec,28-Jan,11-Feb
665,67,23-Dec,23-Dec,26-Jan,15-Feb
665,68,23-Dec,23-Dec,07-Feb,19-Feb
665,74,23-Dec,23-Dec,07-Jan,17-Mar
665,75,23-Dec,23-Dec,03-Jan,15-Jan
665,77,23-Dec,23-Dec,30-Jan,12-Feb
665,220,23-Dec,23-Dec,27-Jan,10-Feb
672,66,24-Jan,30-Jan,27-Jan,10-Feb
672,67,24-Jan,30-Jan,26-Jan,14-Feb
672,68,24-Jan,30-Jan,06-Feb,18-Feb
672,74,24-Jan,30-Jan,06-Jan,05-Mar
672,75,24-Jan,30-Jan,03-Jan,15-Jan
672,77,24-Jan,30-Jan,30-Jan,11-Feb
672,220,24-Jan,30-Jan,26-Jan,09-Feb
673,66,24-Dec,24-Dec,26-Jan,08-Feb
673,67,24-Dec,24-Dec,24-Jan,11-Feb
673,68,24-Dec,24-Dec,04-Feb,16-Feb
673,74,24-Dec,24-Dec,05-Jan,28-Feb
673,75,24-Dec,24-Dec,03-Jan,14-Jan
673,77,24-Dec,24-Dec,28-Jan,09-Feb
673,220,24-Dec,24-Dec,25-Jan,07-Feb
701,66,15-Feb,28-Nov,03-Feb,18-Feb
701,67,15-Feb,28-Nov,01-Feb,21-Feb
701,68,15-Feb,28-Nov,14-Feb,26-Feb
701,74,15-Feb,28-Nov,12-Jan,17-Mar
701,75,15-Feb,28-Nov,04-Jan,20-Jan
701,77,15-Feb,28-Nov,06-Feb,19-Feb
701,220,15-Feb,28-Nov,02-Feb,18-Feb
702,66,13-Jul,19-Dec,27-Jan,09-Feb
702,67,13-Jul,19-Dec,25-Jan,12-Feb
702,68,13-Jul,19-Dec,05-Feb,17-Feb
702,74,13-Jul,19-Dec,06-Jan,28-Feb
702,75,13-Jul,19-Dec,03-Jan,15-Jan
702,77,13-Jul,19-Dec,29-Jan,10-Feb
702,220,13-Jul,19-Dec,26-Jan,08-Feb
710,66,NaT,NaT,22-Jan,02-Feb
710,67,NaT,NaT,20-Jan,05-Feb
710,68,NaT,NaT,29-Jan,09-Feb
710,74,NaT,NaT,03-Jan,12-Feb
710,75,NaT,NaT,03-Jan,13-Jan
710,77,NaT,NaT,24-Jan,03-Feb
710,220,NaT,NaT,21-Jan,01-Feb
711,66,NaT,NaT,23-Jan,03-Feb
711,67,NaT,NaT,21-Jan,06-Feb
711,68,NaT,NaT,31-Jan,11-Feb
711,74,NaT,NaT,04-Jan,16-Feb
711,75,NaT,NaT,03-Jan,13-Jan
711,77,NaT,NaT,25-Jan,04-Feb
711,220,NaT,NaT,22-Jan,03-Feb
